-- phpMyAdmin SQL Dump
-- version 4.4.15.5
-- http://www.phpmyadmin.net
--
-- Хост: 127.0.0.1:3306
-- Час створення: Жов 11 2016 р., 13:51
-- Версія сервера: 5.5.48
-- Версія PHP: 5.6.19

SET SQL_MODE = "NO_AUTO_VALUE_ON_ZERO";
SET time_zone = "+00:00";


/*!40101 SET @OLD_CHARACTER_SET_CLIENT=@@CHARACTER_SET_CLIENT */;
/*!40101 SET @OLD_CHARACTER_SET_RESULTS=@@CHARACTER_SET_RESULTS */;
/*!40101 SET @OLD_COLLATION_CONNECTION=@@COLLATION_CONNECTION */;
/*!40101 SET NAMES utf8mb4 */;

--
-- База даних: `ukrbride4u`
--

-- --------------------------------------------------------

--
-- Структура таблиці `billing`
--

CREATE TABLE IF NOT EXISTS `billing` (
  `id` int(10) unsigned NOT NULL,
  `user_id` int(10) unsigned NOT NULL,
  `balance` decimal(9,3) NOT NULL,
  `cache` varchar(500) COLLATE utf8_unicode_ci NOT NULL,
  `created_at` timestamp NOT NULL DEFAULT '0000-00-00 00:00:00',
  `updated_at` timestamp NOT NULL DEFAULT '0000-00-00 00:00:00'
) ENGINE=InnoDB AUTO_INCREMENT=74 DEFAULT CHARSET=utf8 COLLATE=utf8_unicode_ci;

--
-- Дамп даних таблиці `billing`
--

INSERT INTO `billing` (`id`, `user_id`, `balance`, `cache`, `created_at`, `updated_at`) VALUES
(1, 1, '89843.583', '', '2015-11-13 08:34:02', '2016-09-06 05:30:13'),
(2, 2, '0.000', '', '2015-11-13 08:34:03', '2016-09-06 05:30:13'),
(3, 3, '434.680', '', '2015-11-13 08:34:09', '2016-09-21 03:55:43'),
(4, 4, '912.000', '', '2015-11-13 08:34:10', '2015-11-13 08:34:10'),
(5, 5, '562.000', '', '2015-11-13 08:34:10', '2015-11-13 08:34:10'),
(15, 15, '3.000', '', '2015-11-18 02:12:06', '2016-08-20 09:42:23'),
(16, 16, '0.000', '', '2015-11-24 18:08:56', '2015-11-24 18:08:56'),
(17, 17, '9.609', '', '2015-11-26 13:58:25', '2016-09-13 04:51:01'),
(19, 19, '150.000', '', '2016-01-05 09:15:43', '2016-09-28 07:26:38'),
(20, 20, '8.000', '', '2016-01-19 02:39:18', '2016-09-12 16:04:51'),
(21, 21, '0.000', '', '2016-01-20 11:39:38', '2016-01-20 11:39:38'),
(22, 22, '0.000', '', '2016-01-20 11:54:03', '2016-01-20 11:54:03'),
(23, 23, '0.000', '', '2016-01-20 20:41:39', '2016-01-20 20:41:39'),
(24, 24, '0.000', '', '2016-01-20 22:12:46', '2016-01-20 22:12:46'),
(25, 25, '0.000', '', '2016-01-21 01:16:55', '2016-01-21 01:16:55'),
(26, 26, '0.000', '', '2016-01-21 01:39:01', '2016-01-21 01:39:01'),
(27, 27, '0.000', '', '2016-01-21 02:05:01', '2016-01-21 02:05:01'),
(28, 28, '0.000', '', '2016-01-21 02:22:56', '2016-01-21 02:22:56'),
(29, 29, '0.000', '', '2016-01-21 07:43:09', '2016-01-21 07:43:09'),
(30, 30, '0.000', '', '2016-01-21 21:15:17', '2016-01-21 21:15:17'),
(31, 31, '0.000', '', '2016-01-21 21:28:29', '2016-01-21 21:28:29'),
(32, 32, '0.000', '', '2016-01-21 22:05:41', '2016-01-21 22:05:41'),
(33, 33, '0.000', '', '2016-01-22 20:41:26', '2016-01-22 20:41:26'),
(34, 34, '0.000', '', '2016-01-22 21:10:26', '2016-01-22 21:10:26'),
(36, 36, '0.000', '', '2016-01-25 21:06:14', '2016-01-25 21:06:14'),
(37, 37, '0.000', '', '2016-01-26 20:48:25', '2016-01-26 20:48:25'),
(38, 38, '0.000', '', '2016-01-26 21:02:59', '2016-01-26 21:02:59'),
(39, 39, '0.000', '', '2016-01-27 20:35:47', '2016-01-27 20:35:47'),
(40, 40, '0.000', '', '2016-01-27 20:48:25', '2016-01-27 20:48:25'),
(41, 41, '0.000', '', '2016-01-28 21:07:36', '2016-01-28 21:07:36'),
(42, 42, '0.000', '', '2016-01-28 21:23:22', '2016-01-28 21:23:22'),
(43, 43, '0.000', '', '2016-01-29 20:22:51', '2016-01-29 20:22:51'),
(44, 44, '0.000', '', '2016-01-29 21:02:49', '2016-01-29 21:02:49'),
(45, 45, '0.000', '', '2016-02-03 10:06:30', '2016-02-03 10:06:30'),
(48, 48, '0.000', '', '2016-02-12 21:38:46', '2016-02-12 21:38:46'),
(49, 49, '0.000', '', '2016-02-16 19:45:02', '2016-02-16 19:45:02'),
(50, 50, '0.000', '', '2016-02-16 20:05:41', '2016-02-16 20:05:41'),
(51, 51, '0.000', '', '2016-02-17 21:04:30', '2016-02-17 21:04:30'),
(52, 52, '0.000', '', '2016-02-17 21:19:06', '2016-02-17 21:19:06'),
(53, 53, '998522.509', '', '2016-02-18 13:27:08', '2016-09-23 11:26:05'),
(54, 54, '0.000', '', '2016-02-18 21:58:16', '2016-02-18 21:58:16'),
(59, 59, '0.000', '', '2016-03-30 08:03:52', '2016-03-30 08:03:52'),
(63, 63, '0.000', '', '2016-03-31 05:02:52', '2016-03-31 05:02:52'),
(66, 66, '0.000', '', '2016-05-06 18:00:32', '2016-05-06 18:00:32'),
(68, 68, '0.000', '', '2016-06-24 19:01:35', '2016-06-24 19:01:35'),
(69, 69, '0.000', '', '2016-06-25 19:31:02', '2016-06-25 19:31:02'),
(70, 70, '0.000', '', '2016-06-27 18:22:50', '2016-06-27 18:22:50'),
(71, 71, '0.000', '', '2016-06-28 06:46:49', '2016-06-28 06:46:49'),
(72, 72, '0.000', '', '2016-06-28 09:23:44', '2016-06-28 09:23:44'),
(73, 73, '0.000', '', '2016-06-28 17:14:09', '2016-06-28 17:14:09');

-- --------------------------------------------------------

--
-- Структура таблиці `billing_log`
--

CREATE TABLE IF NOT EXISTS `billing_log` (
  `id` bigint(20) unsigned NOT NULL,
  `billing_id` int(10) unsigned NOT NULL,
  `partner_id` int(10) unsigned DEFAULT NULL,
  `event` enum('real_gift','virt_gift','chat','recharge','mail') COLLATE utf8_unicode_ci NOT NULL,
  `before` decimal(9,3) NOT NULL,
  `difference` decimal(9,3) NOT NULL,
  `after` decimal(9,3) NOT NULL,
  `created_at` timestamp NOT NULL DEFAULT '0000-00-00 00:00:00'
) ENGINE=InnoDB AUTO_INCREMENT=195 DEFAULT CHARSET=utf8 COLLATE=utf8_unicode_ci;

--
-- Дамп даних таблиці `billing_log`
--

INSERT INTO `billing_log` (`id`, `billing_id`, `partner_id`, `event`, `before`, `difference`, `after`, `created_at`) VALUES
(186, 19, NULL, 'recharge', '100.000', '1.000', '100.000', '2016-09-28 09:36:31'),
(187, 19, NULL, 'recharge', '100.000', '1.000', '110.000', '2016-09-28 09:36:54'),
(188, 19, NULL, 'recharge', '100.000', '1.000', '110.000', '2016-09-28 09:39:19'),
(189, 19, NULL, 'recharge', '100.000', '5.000', '105.000', '2016-09-28 07:23:59'),
(190, 19, NULL, 'recharge', '105.000', '5.000', '110.000', '2016-09-28 07:24:04'),
(191, 19, NULL, 'recharge', '110.000', '5.000', '115.000', '2016-09-28 07:24:28'),
(192, 19, NULL, 'recharge', '115.000', '5.000', '120.000', '2016-09-28 07:24:49'),
(193, 19, NULL, 'recharge', '120.000', '15.000', '135.000', '2016-09-28 07:25:51'),
(194, 19, NULL, 'recharge', '135.000', '15.000', '150.000', '2016-09-28 07:26:38');

-- --------------------------------------------------------

--
-- Структура таблиці `billing_paypal_cache`
--

CREATE TABLE IF NOT EXISTS `billing_paypal_cache` (
  `id` int(10) unsigned NOT NULL,
  `id_users` varchar(255) COLLATE utf8_unicode_ci DEFAULT NULL,
  `cache` varchar(255) COLLATE utf8_unicode_ci DEFAULT NULL,
  `created_at` timestamp NOT NULL DEFAULT '0000-00-00 00:00:00',
  `updated_at` timestamp NOT NULL DEFAULT '0000-00-00 00:00:00'
) ENGINE=InnoDB DEFAULT CHARSET=utf8 COLLATE=utf8_unicode_ci;

-- --------------------------------------------------------

--
-- Структура таблиці `chat`
--

CREATE TABLE IF NOT EXISTS `chat` (
  `id` bigint(20) unsigned NOT NULL,
  `user_id` int(11) NOT NULL,
  `partner_id` int(11) NOT NULL,
  `msg` text COLLATE utf8_unicode_ci NOT NULL,
  `viewed` tinyint(4) NOT NULL DEFAULT '0',
  `created_at` timestamp NOT NULL DEFAULT '0000-00-00 00:00:00'
) ENGINE=InnoDB AUTO_INCREMENT=2237 DEFAULT CHARSET=utf8 COLLATE=utf8_unicode_ci;

--
-- Дамп даних таблиці `chat`
--

INSERT INTO `chat` (`id`, `user_id`, `partner_id`, `msg`, `viewed`, `created_at`) VALUES
(1, 2, 42, 'sgsgs', 1, '2016-03-30 06:12:12'),
(2, 2, 42, '<img src="http://ukrbride4u.com/img/sm/ls/smile6.png" />', 1, '2016-03-30 06:12:17'),
(3, 42, 2, 'efesg', 1, '2016-03-30 06:13:00'),
(4, 2, 38, 'hello', 1, '2016-03-30 09:16:19'),
(5, 49, 15, 'wjfjgkbdm,bmdf', 1, '2016-03-30 10:21:25'),
(6, 49, 15, 'mnhggjgsx <img src="http://ukrbride4u.com/img/sm/ls/smile86.png" />  <img src="http://ukrbride4u.com/img/sm/ls/smile110.png" />', 1, '2016-03-30 10:21:25'),
(7, 37, 55, 'uggjjgfh', 1, '2016-03-30 11:11:45'),
(8, 40, 25, 'пвлрывпрлыпррлплылвпо', 0, '2016-03-31 05:20:36'),
(9, 40, 25, '&quot;&quot;&quot;&quot;&quot;&quot;&quot;&quot;&quot;&quot;&quot;&quot;&quot;&quot;&quot;&quot;&quot;&quot;', 0, '2016-03-31 05:20:39'),
(10, 40, 25, '<img src="http://ukrbride4u.com/img/sm/ls/smile68.png" />  <img src="http://ukrbride4u.com/img/sm/ls/smile69.png" />  <img src="http://ukrbride4u.com/img/sm/ls/smile69.png" />  <img src="http://ukrbride4u.com/img/sm/ls/smile69.png" />  <img src="http://ukrbride4u.com/img/sm/ls/smile69.png" />', 0, '2016-03-31 05:20:47'),
(11, 2, 23, 'чоапмоывлдавлд', 1, '2016-03-31 06:14:49'),
(12, 2, 38, 'рвапрпагнп', 1, '2016-03-31 06:14:59'),
(13, 2, 38, '№№№', 1, '2016-03-31 06:15:07'),
(14, 27, 15, 'ролодлолдпвщоыопаыщзв', 1, '2016-03-31 08:14:37'),
(15, 27, 55, 'выплпавыпоувы', 1, '2016-03-31 08:14:47'),
(16, 2, 39, 'hi', 1, '2016-03-31 10:28:31'),
(17, 2, 39, ']', 1, '2016-03-31 10:28:34'),
(18, 2, 39, 'kjddgvjaehjfgjads', 1, '2016-03-31 10:28:36'),
(19, 39, 2, 'dou', 1, '2016-03-31 10:29:30'),
(20, 2, 39, 'ghbdtn', 1, '2016-03-31 10:29:43'),
(21, 39, 2, '<img src="http://ukrbride4u.com/img/sm/ls/smile55.png" />  <img src="http://ukrbride4u.com/img/sm/ls/smile56.png" />  <img src="http://ukrbride4u.com/img/sm/ls/smile57.png" />  <img src="http://ukrbride4u.com/img/sm/ls/smile143.png" />  <img src="http://ukrbride4u.com/img/sm/ls/smile18.png" />  <img src="http://ukrbride4u.com/img/sm/ls/smile18.png" />  <img src="http://ukrbride4u.com/img/sm/ls/smile18.png" />  <img src="http://ukrbride4u.com/img/sm/ls/smile145.png" />  <img src="http://ukrbride4u.com/img/sm/ls/smile144.png" />  <img src="http://ukrbride4u.com/img/sm/ls/smile144.png" />  <img src="http://ukrbride4u.com/img/sm/ls/smile143.png" />', 1, '2016-03-31 10:30:05'),
(22, 23, 3, 'twatijt9ieawtg', 1, '2016-04-01 09:11:10'),
(23, 2, 64, 'hello', 0, '2016-04-04 09:27:22'),
(24, 2, 39, 'hello', 1, '2016-04-04 09:27:29'),
(25, 2, 23, 'hello', 1, '2016-04-04 09:27:35'),
(26, 2, 22, 'hello', 1, '2016-04-04 09:37:28'),
(27, 2, 42, 'hello', 1, '2016-04-04 09:37:34'),
(28, 69, 20, 'Hello;)', 1, '2016-06-27 17:51:15'),
(29, 69, 20, 'HEllo;)', 1, '2016-06-28 18:15:12'),
(30, 69, 20, 'do you see my messages?', 1, '2016-06-28 18:16:30'),
(31, 69, 20, 'hello!', 1, '2016-06-28 18:18:09'),
(32, 69, 20, 'it works', 1, '2016-06-28 18:22:11'),
(33, 69, 2, 'hellO!', 1, '2016-06-28 18:34:30'),
(34, 69, 2, 'i see you', 1, '2016-06-28 18:34:30'),
(35, 2, 69, 'hello Anna honey', 1, '2016-06-28 18:38:23'),
(36, 2, 69, '<img src="http://ukrbride4u.com/img/sm/ls/smile126.png" />', 1, '2016-06-28 18:38:37'),
(37, 69, 2, 'Nice to see you', 1, '2016-06-28 18:38:37'),
(38, 2, 69, 'nice to be seen', 1, '2016-06-28 18:38:45'),
(39, 69, 2, ':)', 1, '2016-06-28 18:38:58'),
(40, 69, 2, 'so administator can chat for free?', 1, '2016-06-28 18:39:06'),
(41, 2, 69, 'apparently so', 1, '2016-06-28 18:39:12'),
(42, 69, 2, 'this is bad. There is no sound in the chat', 1, '2016-06-28 18:39:20'),
(43, 2, 69, '<img src="http://ukrbride4u.com/img/sm/ls/smile148.png" />', 1, '2016-06-28 18:39:21'),
(44, 2, 69, 'you want sound?  I hate the sound of Mariya', 1, '2016-06-28 18:39:33'),
(45, 69, 2, 'maybe it is just a happbit to chat with sound', 1, '2016-06-28 18:39:55'),
(46, 69, 2, 'i like your site. It had nice colors.', 1, '2016-06-28 18:40:25'),
(47, 2, 69, 'I think this is a lot calmer', 1, '2016-06-28 18:40:39'),
(48, 69, 2, 'this is true;)', 1, '2016-06-28 18:41:01'),
(49, 69, 2, 'why don''t you have photo here?', 1, '2016-06-28 18:41:20'),
(50, 2, 69, 'I did n''t get that far yet', 1, '2016-06-28 18:42:30'),
(51, 2, 69, 'and this is not my personal administrator account', 1, '2016-06-28 18:42:41'),
(52, 69, 2, 'i know, but you have profile here', 1, '2016-06-28 18:43:34'),
(53, 69, 2, 'and now photo;)', 1, '2016-06-28 18:43:38'),
(54, 2, 69, 'I really haven''t been doing much with the site until just lately', 1, '2016-06-28 18:44:25'),
(55, 2, 69, 'now we are really trying to get it to work', 1, '2016-06-28 18:44:37'),
(56, 2, 69, 'Kristina made a profile for me for test purposes', 1, '2016-06-28 18:45:07'),
(57, 69, 2, 'aaah i understood', 1, '2016-06-28 18:45:20'),
(58, 2, 69, 'Anna, are you writing me in English?', 1, '2016-06-28 18:45:20'),
(59, 69, 2, 'i write on Mariya in russian. And it translates;)', 1, '2016-06-28 18:45:34'),
(60, 2, 69, 'I think I remember you did before', 1, '2016-06-28 18:45:35'),
(61, 69, 2, 'your site doesn''t have translator', 1, '2016-06-28 18:45:43'),
(62, 2, 69, 'nope, not yet', 1, '2016-06-28 18:45:49'),
(63, 69, 2, 'no.  I am bad in English', 1, '2016-06-28 18:45:55'),
(64, 2, 69, 'so you using Mariya to translate for this site?', 1, '2016-06-28 18:46:01'),
(65, 69, 2, 'this is not the most important for you right now', 1, '2016-06-28 18:46:11'),
(66, 69, 2, 'yes.', 1, '2016-06-28 18:46:13'),
(67, 2, 69, 'very clever, Anna!', 1, '2016-06-28 18:47:27'),
(68, 69, 2, 'sometimes;)', 1, '2016-06-28 18:47:34'),
(69, 2, 69, 'yes, sometimes', 1, '2016-06-28 18:47:43'),
(70, 69, 2, 'thank you:)', 1, '2016-06-28 18:48:35'),
(71, 69, 2, 'lol', 1, '2016-06-28 18:48:39'),
(72, 2, 69, 'I think I like this chat here better.  It seems calm and pleasant to me', 1, '2016-06-28 18:49:25'),
(73, 69, 2, 'and noone tries to chat you:)', 1, '2016-06-28 18:50:52'),
(74, 69, 2, 'i mean million other profiles', 1, '2016-06-28 18:50:57'),
(75, 2, 69, 'yes', 1, '2016-06-28 18:51:46'),
(76, 2, 69, 'that makes me happy also', 1, '2016-06-28 18:52:02'),
(77, 2, 69, 'and look how many emojis we have!!!', 1, '2016-06-28 18:52:14'),
(78, 69, 2, 'and free;)', 1, '2016-06-28 18:52:15'),
(79, 2, 69, '<img src="http://ukrbride4u.com/img/sm/ls/smile16.png" />', 1, '2016-06-28 18:52:18'),
(80, 69, 2, '<img src="http://ukrbride4u.com/img/sm/ls/smile9.png" />', 1, '2016-06-28 18:52:31'),
(81, 69, 2, 'i didn''t notice at first;)', 1, '2016-06-28 18:52:35'),
(82, 2, 69, 'free for you', 1, '2016-06-28 18:52:36'),
(83, 2, 69, '<img src="http://ukrbride4u.com/img/sm/ls/smile124.png" />', 1, '2016-06-28 18:53:30'),
(84, 69, 2, 'MAriya for me free too', 1, '2016-06-28 18:53:45'),
(85, 2, 69, 'yes', 1, '2016-06-28 18:54:22'),
(86, 2, 69, 'NOT for me', 1, '2016-06-28 18:54:25'),
(87, 2, 69, 'you girls are the product', 1, '2016-06-28 18:54:39'),
(88, 2, 69, 'we men are the customer', 1, '2016-06-28 18:54:49'),
(89, 2, 69, 'the hope of love!', 1, '2016-06-28 18:55:00'),
(90, 69, 2, 'product? sounds so rude;)', 1, '2016-06-28 18:55:01'),
(91, 69, 2, '<img src="http://ukrbride4u.com/img/sm/ls/smile24.png" />', 1, '2016-06-28 18:55:07'),
(92, 2, 69, 'it is not meant to be rude', 1, '2016-06-28 18:55:16'),
(93, 2, 69, 'you are a very lovely product, as you know', 1, '2016-06-28 18:55:29'),
(94, 2, 69, 'and you made me love you many times', 1, '2016-06-28 18:55:43'),
(95, 2, 69, 'you know that too', 1, '2016-06-28 18:55:47'),
(96, 2, 69, 'and always give you more chances', 1, '2016-06-28 18:55:58'),
(97, 69, 2, 'you are too kind to me', 1, '2016-06-28 18:56:15'),
(98, 69, 2, 'i guess', 1, '2016-06-28 18:56:19'),
(99, 2, 69, '<img src="http://ukrbride4u.com/img/sm/ls/smile29.png" />  <img src="http://ukrbride4u.com/img/sm/ls/smile148.png" />  <img src="http://ukrbride4u.com/img/sm/ls/smile149.png" />  <img src="http://ukrbride4u.com/img/sm/ls/smile149.png" />  <img src="http://ukrbride4u.com/img/sm/ls/smile149.png" />', 1, '2016-06-28 18:58:39'),
(100, 2, 69, 'it is my nature', 1, '2016-06-28 18:58:50'),
(101, 2, 69, 'Anna dear, I have to go to dinner now', 1, '2016-06-28 18:58:59'),
(102, 2, 69, 'I will be pleased to chat you more later', 1, '2016-06-28 18:59:08'),
(103, 2, 69, 'or tomorrow', 1, '2016-06-28 18:59:10'),
(104, 69, 2, 'ok baby', 1, '2016-06-28 19:00:38'),
(105, 69, 2, 'lets talk later;)', 1, '2016-06-28 19:00:45'),
(106, 69, 2, 'good night, my baby', 1, '2016-06-28 19:00:50'),
(107, 2, 69, 'we will', 1, '2016-06-28 19:00:51'),
(108, 2, 69, 'goodnight sweet Anna!!', 1, '2016-06-28 19:00:59'),
(109, 69, 2, 'kisses', 1, '2016-06-28 19:01:06'),
(110, 2, 69, '<img src="http://ukrbride4u.com/img/sm/ls/smile126.png" />', 1, '2016-06-28 19:01:16'),
(111, 69, 2, '<img src="http://ukrbride4u.com/img/sm/ls/smile85.png" />', 1, '2016-06-28 19:01:59'),
(112, 39, 2, 'hello:)', 1, '2016-06-29 19:45:44'),
(113, 2, 69, 'Hi Anna!', 1, '2016-06-29 23:16:11'),
(114, 69, 2, 'HellO!', 1, '2016-07-12 18:15:01'),
(115, 38, 2, 'hello', 1, '2016-07-29 05:14:39'),
(116, 21, 94, 'Hello!', 1, '2016-08-25 18:31:01'),
(117, 21, 94, 'i just don''t want Mariya read all our chat. Like they normally do...', 1, '2016-08-25 18:32:18'),
(118, 21, 94, 'let me know when you are here', 1, '2016-08-25 18:39:22'),
(119, 21, 29, 'Hello !:)', 1, '2016-08-26 17:52:22'),
(120, 21, 94, '<img src="http://ukrbride4u.com/img/sm/ls/smile126.png" />', 1, '2016-08-26 19:39:42'),
(121, 21, 94, 'Hello!', 1, '2016-08-26 20:15:52'),
(122, 40, 25, 'Hello', 0, '2016-08-26 21:16:17'),
(123, 21, 94, 'HELLO:)', 1, '2016-08-27 09:59:22'),
(124, 21, 94, 'I am here and you?', 1, '2016-08-27 09:59:26'),
(125, 21, 94, 'sleeping? ;)', 1, '2016-08-27 10:00:58'),
(126, 22, 67, 'hello Rocco', 0, '2016-08-28 10:26:47'),
(127, 28, 96, 'Hello;)', 1, '2016-08-28 10:37:02'),
(128, 21, 94, 'HELLO', 1, '2016-08-28 17:55:24'),
(129, 98, 99, 'HELLO:)', 1, '2016-08-28 18:08:49'),
(130, 89, 99, 'Hello!', 1, '2016-08-28 20:10:23'),
(131, 89, 99, 'Let''s get acquainted! I promise you will not regret <img src="http://ukrbride4u.com/img/sm/ls/smile130.png" />', 1, '2016-08-28 20:11:58'),
(132, 89, 99, 'Would you like to learn about my dream? ;)', 1, '2016-08-28 20:17:57'),
(133, 98, 99, 'Hello:)', 1, '2016-08-29 06:43:50'),
(134, 19, 27, 'tgfh', 1, '2016-08-29 09:26:20'),
(135, 19, 27, 'tgfhghf', 1, '2016-08-29 09:26:22'),
(136, 19, 27, 'test', 1, '2016-08-29 09:26:44'),
(137, 19, 75, 'test', 0, '2016-08-29 09:29:31'),
(138, 19, 68, 'test', 1, '2016-08-29 09:29:39'),
(139, 68, 19, 'test2', 1, '2016-08-29 09:30:13'),
(140, 19, 68, '&amp;', 1, '2016-08-29 09:35:09'),
(141, 68, 19, 'ryvt', 1, '2016-08-29 09:35:13'),
(142, 68, 19, '555', 1, '2016-08-29 09:35:17'),
(143, 19, 68, '555', 1, '2016-08-29 09:35:20'),
(144, 19, 68, '6y77', 1, '2016-08-29 09:35:22'),
(145, 68, 19, 'bhb', 1, '2016-08-29 09:35:29'),
(146, 19, 68, 'br', 1, '2016-08-29 09:35:32'),
(147, 98, 99, 'Are you ok?;)))', 1, '2016-08-29 11:15:19'),
(148, 98, 99, 'Waiting for you', 1, '2016-08-29 11:15:51'),
(149, 98, 99, 'Are you ok?', 1, '2016-08-29 11:16:35'),
(150, 99, 98, 'Are you here?', 1, '2016-08-29 12:15:20'),
(151, 98, 99, 'Yes:))) and you?', 1, '2016-08-29 12:16:03'),
(152, 99, 98, 'I just got back from the gym and wrote you a letter!)))', 1, '2016-08-29 12:16:24'),
(153, 99, 98, 'I love your smile in that photo!))', 1, '2016-08-29 12:16:56'),
(154, 98, 99, 'Thank you. And i am in the market;)))', 1, '2016-08-29 12:18:06'),
(155, 98, 99, 'I like that you go to the gym. You look great', 1, '2016-08-29 12:18:27'),
(156, 99, 98, 'Right now?', 1, '2016-08-29 12:18:27'),
(157, 99, 98, 'Coming from you that''s quite a compliment!  Jesus!  You are amazingly flexible!))) haha', 1, '2016-08-29 12:19:14'),
(158, 98, 99, 'Yes. I dowloaded it on my telephone and waited for you:)))', 1, '2016-08-29 12:19:20'),
(159, 99, 98, 'What are you shopping for-groceries? For a tasty dinner?)))', 1, '2016-08-29 12:20:02'),
(160, 98, 99, 'Haha;))) yes i am. I visit gym too. I am sport woman in the past. What about you?;)))', 1, '2016-08-29 12:20:07'),
(161, 98, 99, 'Yes:))) do you like cooking?', 1, '2016-08-29 12:20:31'),
(162, 99, 98, 'I''ve played sports and run marathons, but now I enjoy hiking)))', 1, '2016-08-29 12:21:15'),
(163, 99, 98, 'I eat very simply- unless I go out for dinner- haha then I indulge))', 1, '2016-08-29 12:21:39'),
(164, 98, 99, 'Do you do it? Or you like watching?;)))', 1, '2016-08-29 12:22:00'),
(165, 99, 98, 'Yesterday I prepared meals for the week', 1, '2016-08-29 12:22:06'),
(166, 98, 99, 'How simple you are?;))) in food i mean', 1, '2016-08-29 12:22:34'),
(167, 99, 98, 'i like to watch and to be active.  I like watching basketball and American football', 1, '2016-08-29 12:22:48'),
(168, 98, 99, 'I cant learn how to cook for all week!!! Teach me!!!)', 1, '2016-08-29 12:23:06'),
(169, 99, 98, 'i grill a bunch of chicken, salmon or steak and use it with salads', 1, '2016-08-29 12:23:28'),
(170, 98, 99, 'I like soccer. I think amerixan football is not for everyone.', 1, '2016-08-29 12:23:47'),
(171, 98, 99, 'So you like healthy food;)))', 1, '2016-08-29 12:24:17'),
(172, 99, 98, 'I cut up a bunch of veggies and put it in Tupperware so I have all the ingredients for a nice salad!)))', 1, '2016-08-29 12:24:24'),
(173, 98, 99, 'You are smart. I do everything spontaneous', 1, '2016-08-29 12:25:04'),
(174, 99, 98, 'I think one can learn to appreciate both sports!))', 1, '2016-08-29 12:25:19'),
(175, 98, 99, 'I appreciate. If you explain me rules,i will watch:)))', 1, '2016-08-29 12:26:03'),
(176, 99, 98, 'if im spontaneous then I will want take out which is basically junk food( but tastes really good!). Haha', 1, '2016-08-29 12:26:07'),
(177, 99, 98, 'and I would watch soccer with you!)))', 1, '2016-08-29 12:26:27'),
(178, 98, 99, 'Will you be here in 30 mins? I have to go home. I will write you then;))))', 1, '2016-08-29 12:26:31'),
(179, 98, 99, 'You cant imagine how happy i am to talk with you', 1, '2016-08-29 12:27:22'),
(180, 99, 98, 'actually I need to eat, shower and get ready for work.  I will try to get back to you later, ok?  But I will be at work and it might be hard!', 1, '2016-08-29 12:27:36'),
(181, 99, 98, 'I''m happy to chat with you too!)))', 1, '2016-08-29 12:27:53'),
(182, 98, 99, 'You mean late?', 1, '2016-08-29 12:28:02'),
(183, 99, 98, 'What time to you go to bed?', 1, '2016-08-29 12:28:19'),
(184, 98, 99, 'Different. Today can go late;)', 1, '2016-08-29 12:28:58'),
(185, 99, 98, 'I sometimes come home for lunch and can try then.  Around 11 pm your time.  Is that too late?', 1, '2016-08-29 12:29:47'),
(186, 98, 99, 'That is perfect:))', 1, '2016-08-29 12:30:14'),
(187, 99, 98, 'ok sweetie but if you don''t hear from me don''t wait to long.  It just means that I couldn''t get home, ok?', 1, '2016-08-29 12:30:58'),
(188, 98, 99, 'Ok!!! When i will not be worried about it. You are finally here;))', 1, '2016-08-29 12:31:46'),
(189, 98, 99, 'Have a nice work:))))', 1, '2016-08-29 12:32:04'),
(190, 99, 98, 'hahaha!  Kisses!))', 1, '2016-08-29 12:32:04'),
(191, 98, 99, 'Million kisses to you!!!', 1, '2016-08-29 12:32:22'),
(192, 19, 89, 'drfgdfgdfgd', 1, '2016-08-30 03:44:41'),
(193, 19, 89, 'scdc', 1, '2016-08-30 05:16:58'),
(194, 19, 89, 'dscd', 1, '2016-08-30 05:16:59'),
(195, 19, 89, 'csdcd', 1, '2016-08-30 05:17:00'),
(196, 19, 89, '1212', 1, '2016-08-30 05:17:02'),
(197, 19, 89, 'fdsf', 1, '2016-08-30 05:17:04'),
(198, 19, 89, 'dsf', 1, '2016-08-30 05:17:04'),
(199, 19, 89, 'test', 1, '2016-08-30 05:17:08'),
(200, 19, 89, 'hjkhjk', 1, '2016-08-30 05:35:42'),
(201, 19, 89, '111', 1, '2016-08-30 05:35:52'),
(202, 19, 89, '3232', 1, '2016-08-30 05:39:09'),
(203, 19, 89, '566', 1, '2016-08-30 05:40:32'),
(204, 19, 89, '<img src="http://ukrbride4u.com/img/sm/ls/smile6.png" />', 1, '2016-08-30 05:40:38'),
(205, 19, 89, '<img src="http://ukrbride4u.com/img/sm/ls/smile54.png" />', 1, '2016-08-30 05:40:42'),
(206, 98, 99, 'Hello;)', 1, '2016-08-30 10:08:42'),
(207, 19, 89, '12121212', 1, '2016-09-01 03:53:33'),
(208, 19, 89, 'we', 1, '2016-09-01 03:53:36'),
(209, 94, 21, 'Ok I am ere', 1, '2016-09-02 20:05:38'),
(210, 94, 21, 'where are you?', 1, '2016-09-02 20:05:50'),
(211, 21, 94, 'I am here', 1, '2016-09-02 20:06:16'),
(212, 21, 94, 'something with internet;)', 1, '2016-09-02 20:06:20'),
(213, 94, 21, 'finally', 1, '2016-09-02 20:06:21'),
(214, 94, 21, 'yes I noticed I can to change browser for it to work', 1, '2016-09-02 20:06:39'),
(215, 21, 94, 'yes;)', 1, '2016-09-02 20:06:41'),
(216, 21, 94, 'lol', 1, '2016-09-02 20:06:42'),
(217, 92, 94, 'Hello <img src="http://ukrbride4u.com/img/sm/ls/smile108.png" />', 1, '2016-09-02 20:06:42'),
(218, 21, 94, 'so does it work bad?', 1, '2016-09-02 20:06:57'),
(219, 94, 21, 'so what do you want to speak about that is so important', 1, '2016-09-02 20:07:05'),
(220, 21, 94, 'first of all i want to ask how are you?', 1, '2016-09-02 20:07:34'),
(221, 92, 94, 'Maybe you want to know me better? <img src="http://ukrbride4u.com/img/sm/ls/smile108.png" />', 1, '2016-09-02 20:07:37'),
(222, 21, 94, 'why did your dad pass away?', 1, '2016-09-02 20:07:42'),
(223, 94, 21, 'because he was old', 1, '2016-09-02 20:07:53'),
(224, 94, 21, 'and had multiple cancers', 1, '2016-09-02 20:08:06'),
(225, 21, 94, 'oooh... how are you after that?', 1, '2016-09-02 20:08:07'),
(226, 21, 94, 'OH MY GOD:((((', 1, '2016-09-02 20:08:16'),
(227, 94, 21, 'I am feeling better', 1, '2016-09-02 20:08:24'),
(228, 94, 21, 'but still need to get thru his memorial', 1, '2016-09-02 20:08:36'),
(229, 94, 21, 'which is on Sunday', 1, '2016-09-02 20:08:43'),
(230, 21, 94, 'ooh i thought you already had it', 1, '2016-09-02 20:09:07'),
(231, 21, 94, 'we have it on the third day', 1, '2016-09-02 20:09:11'),
(232, 94, 21, 'it is not normal here either but it is my mom wishes', 1, '2016-09-02 20:10:16'),
(233, 21, 94, 'well better not to argue', 1, '2016-09-02 20:14:30'),
(234, 21, 94, 'honey i am sorry! !I wish i could be with you', 1, '2016-09-02 20:15:11'),
(235, 21, 94, 'i wanted to ask if you still want to be with me?', 1, '2016-09-02 20:16:07'),
(236, 28, 97, 'hello baby', 1, '2016-09-02 20:16:08'),
(237, 92, 94, 'How are you today?', 1, '2016-09-02 20:16:55'),
(238, 21, 94, 'something is with the site... Yes?', 1, '2016-09-02 20:17:44'),
(239, 92, 97, 'Hello  <img src="http://ukrbride4u.com/img/sm/ls/smile108.png" />', 1, '2016-09-02 20:18:03'),
(240, 94, 21, 'yes I am having problems has well with site', 1, '2016-09-02 20:18:23'),
(241, 92, 97, 'Do you have interest to know me closer?;)', 1, '2016-09-02 20:18:34'),
(242, 21, 94, 'i hope they will fix it', 1, '2016-09-02 20:18:50'),
(243, 21, 94, 'so dear, Do you want to be with me dear.', 1, '2016-09-02 20:18:58'),
(244, 92, 94, 'Do you have a girlfriend here?', 1, '2016-09-02 20:19:12'),
(245, 94, 21, 'I still do but there is problem with our past', 1, '2016-09-02 20:19:34'),
(246, 21, 94, 'i know! Can I fix it somehow?', 1, '2016-09-02 20:19:46'),
(247, 94, 21, 'Maybe', 1, '2016-09-02 20:20:02'),
(248, 92, 97, 'Do you like my picture? <img src="http://ukrbride4u.com/img/sm/ls/smile108.png" />', 1, '2016-09-02 20:20:05'),
(249, 94, 21, 'But I will not send you any more money, I may come to you?', 1, '2016-09-02 20:20:26'),
(250, 21, 94, 'Of course NOT!', 1, '2016-09-02 20:20:38'),
(251, 21, 94, 'This agency which i use now helps with travel to the USA. Especially for ladies. So i will use them', 1, '2016-09-02 20:21:16'),
(252, 89, 94, 'Hello! I''m new here! Let''s get acquainted? <img src="http://ukrbride4u.com/img/sm/ls/smile1.png" />', 1, '2016-09-02 20:21:24'),
(253, 21, 94, 'that''s why i asked you to be on this site. They have to see that we are clients', 1, '2016-09-02 20:21:28'),
(254, 92, 94, 'we could try to be together <img src="http://ukrbride4u.com/img/sm/ls/smile92.png" />', 1, '2016-09-02 20:22:25'),
(255, 94, 21, 'I can also travel to you and help us establish that we are couple at least I hope so', 1, '2016-09-02 20:22:26'),
(256, 21, 94, 'do you plan trip to Ukraine?', 1, '2016-09-02 20:22:39'),
(257, 94, 21, 'No but that does not mean that I can''t plan trip there', 1, '2016-09-02 20:23:02'),
(258, 94, 21, 'Come to your city this time', 1, '2016-09-02 20:23:32'),
(259, 21, 94, 'well, if yuou have to!!!', 1, '2016-09-02 20:23:55'),
(260, 21, 94, 'and i still can come to you after you come here? ;)', 1, '2016-09-02 20:24:03'),
(261, 92, 94, 'What do you think about that?', 1, '2016-09-02 20:24:19'),
(262, 94, 21, 'yes I think that would be better', 1, '2016-09-02 20:24:22'),
(263, 94, 21, 'I can come sometime in November', 1, '2016-09-02 20:24:35'),
(264, 89, 94, 'Perhaps our acquaintance will lead us to happiness? <img src="http://ukrbride4u.com/img/sm/ls/smile108.png" />', 1, '2016-09-02 20:24:53'),
(265, 21, 94, 'ok. And after that i can come to you?', 1, '2016-09-02 20:24:58'),
(266, 94, 21, 'If you want to, I just need to be sure we are meant to be together', 1, '2016-09-02 20:25:26'),
(267, 21, 94, 'this is good idea', 1, '2016-09-02 20:25:36'),
(268, 21, 94, 'i even didn''t think you can plan trip here!', 1, '2016-09-02 20:25:43'),
(269, 94, 21, 'not until november', 1, '2016-09-02 20:26:02'),
(270, 21, 94, 'but still!', 1, '2016-09-02 20:26:09'),
(271, 21, 94, 'not long time to wait', 1, '2016-09-02 20:26:17'),
(272, 94, 21, 'a couple of months', 1, '2016-09-02 20:26:33'),
(273, 21, 94, 'plus i didn''t think you will want to come to me again!', 1, '2016-09-02 20:26:36'),
(274, 89, 94, 'let''s get acquainted', 1, '2016-09-02 20:26:53'),
(275, 89, 97, 'Good night <img src="http://ukrbride4u.com/img/sm/ls/smile108.png" />', 1, '2016-09-02 20:27:34'),
(276, 89, 97, 'What do you want to see in your ideal woman? <img src="http://ukrbride4u.com/img/sm/ls/smile103.png" />', 1, '2016-09-02 20:27:44'),
(277, 94, 21, 'I will try if you are willing', 1, '2016-09-02 20:27:45'),
(278, 94, 21, 'how is your english?', 1, '2016-09-02 20:28:05'),
(279, 21, 94, 'this is great!!!!!!!!!!!!!!!!!!!!!!!!!!!!!!!!!', 1, '2016-09-02 20:28:09'),
(280, 21, 94, 'I am so happy now!', 1, '2016-09-02 20:28:13'),
(281, 21, 94, 'my English is ok;) lol', 1, '2016-09-02 20:28:16'),
(282, 94, 21, 'Should I get a hotel room or rent a flat', 1, '2016-09-02 20:28:38'),
(283, 92, 94, 'Come on!', 1, '2016-09-02 20:29:12'),
(284, 21, 94, 'better to rent a flat;)', 1, '2016-09-02 20:29:13'),
(285, 89, 97, 'ok', 1, '2016-09-02 20:30:40'),
(286, 21, 94, 'what do you think about it?', 1, '2016-09-02 20:30:49'),
(287, 94, 21, 'flat is fine with me. Do we need one or two beds?', 1, '2016-09-02 20:32:08'),
(288, 28, 97, 'see me?', 1, '2016-09-02 20:34:09'),
(289, 21, 94, 'i think one big one;)', 1, '2016-09-02 20:34:14'),
(290, 21, 94, 'and what do you prefer?', 1, '2016-09-02 20:34:18'),
(291, 94, 21, 'yes that well ok', 1, '2016-09-02 20:34:44'),
(292, 94, 21, 'will be ok with me', 1, '2016-09-02 20:34:57'),
(293, 94, 21, 'I am still having trouble with site', 1, '2016-09-02 20:35:13'),
(294, 21, 94, 'great!!!!', 1, '2016-09-02 20:35:13'),
(295, 21, 94, 'i want to thank you for the second chat!', 1, '2016-09-02 20:35:23'),
(296, 21, 94, 'yes, i guess this agency still makes it', 1, '2016-09-02 20:35:29'),
(297, 94, 21, 'I do not mind', 1, '2016-09-02 20:35:47'),
(298, 94, 21, 'this maybe small company', 1, '2016-09-02 20:36:04'),
(299, 92, 94, 'We could try!', 1, '2016-09-02 20:36:07'),
(300, 21, 94, 'yes. I guess', 1, '2016-09-02 20:36:20'),
(301, 94, 21, 'when can you return to ICQ', 1, '2016-09-02 20:36:20'),
(302, 21, 94, 'do they have many women? I can''t see;)', 1, '2016-09-02 20:36:27'),
(303, 21, 94, 'Yes soon! I am waiting for lap top', 1, '2016-09-02 20:36:32'),
(304, 94, 21, 'about 100', 1, '2016-09-02 20:36:35'),
(305, 92, 97, 'what you want you say', 1, '2016-09-02 20:36:38'),
(306, 21, 94, 'but i liked their conditions more', 1, '2016-09-02 20:38:46'),
(307, 21, 94, 'that''s why i am here:)', 1, '2016-09-02 20:38:51'),
(308, 21, 94, 'looks small!', 1, '2016-09-02 20:38:53'),
(309, 21, 94, 'lol', 1, '2016-09-02 20:38:54'),
(310, 94, 21, 'Yes but I need to escape and resign in often', 1, '2016-09-02 20:39:49'),
(311, 21, 94, 'i understand! I will tell them. That this is not serious. LOL:)', 1, '2016-09-02 20:41:30'),
(312, 28, 97, 'Do you talk to many people?', 1, '2016-09-02 20:41:31'),
(313, 94, 21, 'So I should start planning for a November trip there.. Is it cold there in November', 1, '2016-09-02 20:41:32'),
(314, 21, 94, 'Yes can be', 1, '2016-09-02 20:42:59'),
(315, 21, 94, 'and rainy', 1, '2016-09-02 20:43:11'),
(316, 28, 97, 'Michael!', 1, '2016-09-02 20:43:35'),
(317, 94, 21, 'So I should pack for cold weather', 1, '2016-09-02 20:43:36'),
(318, 21, 94, 'well, it depends. November can be here very different', 1, '2016-09-02 20:43:51'),
(319, 94, 21, 'We do not have much cold weather here you will need to keep me very warm', 1, '2016-09-02 20:44:03'),
(320, 92, 97, 'abou that <img src="http://ukrbride4u.com/img/sm/ls/smile108.png" />', 1, '2016-09-02 20:44:36'),
(321, 21, 94, 'right:) you are from Texas!!!!', 1, '2016-09-02 20:44:51'),
(322, 21, 94, 'You already have been here in February! right?', 1, '2016-09-02 20:45:01'),
(323, 94, 21, 'there maybe times we do not leave the flat are you prepared for that..', 1, '2016-09-02 20:45:18'),
(324, 92, 94, 'Can I try to bring happiness to you?', 1, '2016-09-02 20:45:22'),
(325, 94, 21, 'yes I have been there and it was cold', 1, '2016-09-02 20:45:29'),
(326, 21, 94, 'because of hot weather?', 1, '2016-09-02 20:45:33'),
(327, 94, 21, 'it is 38 today', 1, '2016-09-02 20:45:50'),
(328, 21, 94, 'celcium?', 1, '2016-09-02 20:46:09'),
(329, 94, 21, 'your tempature', 1, '2016-09-02 20:46:32'),
(330, 94, 21, 'mine 97', 1, '2016-09-02 20:46:39'),
(331, 21, 94, 'aha!!!!!', 1, '2016-09-02 20:46:45'),
(332, 21, 94, 'and here is 24 celcium', 1, '2016-09-02 20:46:49'),
(333, 21, 94, 'and windy;)', 1, '2016-09-02 20:46:51'),
(334, 94, 21, 'we will keep each other warm', 1, '2016-09-02 20:47:13'),
(335, 21, 94, 'well, i have no problem with that! BUT i can help you;)', 1, '2016-09-02 20:47:59'),
(336, 94, 21, 'are will you return to your home each night', 1, '2016-09-02 20:48:20'),
(337, 94, 21, 'will you leave to spend the night alone', 1, '2016-09-02 20:48:38'),
(338, 21, 94, 'we will see;)', 1, '2016-09-02 20:48:38'),
(339, 21, 94, 'do you want to have plans? ;)', 1, '2016-09-02 20:48:42'),
(340, 94, 21, 'No I do not', 1, '2016-09-02 20:48:53'),
(341, 92, 94, 'believe me', 1, '2016-09-02 20:49:06'),
(342, 92, 94, 'you will not regret', 1, '2016-09-02 20:49:08'),
(343, 92, 94, '<img src="http://ukrbride4u.com/img/sm/ls/smile108.png" />', 1, '2016-09-02 20:49:12'),
(344, 21, 94, 'good!!!! i hope so!!!!', 1, '2016-09-02 20:49:12'),
(345, 21, 94, 'i must be the one!', 1, '2016-09-02 20:49:18'),
(346, 94, 21, 'Nothing beyond seeing you', 1, '2016-09-02 20:49:21'),
(347, 21, 94, 'are you sure? ;)', 1, '2016-09-02 20:49:46'),
(348, 94, 21, 'yes am I suppose to make arrangments to see other women', 1, '2016-09-02 20:50:39'),
(349, 21, 94, 'what?', 1, '2016-09-02 20:50:55'),
(350, 94, 21, 'Maybe I should see who else in available', 1, '2016-09-02 20:51:03'),
(351, 92, 94, 'What questions would you like to ask me?', 1, '2016-09-02 20:51:09'),
(352, 97, 28, 'IS IT WORKING NOW?', 1, '2016-09-02 20:51:17'),
(353, 21, 94, ':( why are you saying this?', 1, '2016-09-02 20:51:29'),
(354, 28, 97, 'YEEEES:)', 1, '2016-09-02 20:51:35'),
(355, 94, 21, 'I am just kidding of course but you make it seem like I am a DOG who wants everything', 1, '2016-09-02 20:51:43'),
(356, 97, 28, 'OK THEN', 1, '2016-09-02 20:51:47'),
(357, 28, 97, 'site afraids of you too', 1, '2016-09-02 20:51:55'),
(358, 28, 97, 'lol', 1, '2016-09-02 20:51:56'),
(359, 97, 28, 'I SENT KRISTINA E-MAIL 2 DAYS AGO', 1, '2016-09-02 20:52:10'),
(360, 21, 94, 'oh my God!!!!! you drive me crazy:)', 1, '2016-09-02 20:52:11'),
(361, 21, 94, 'lol', 1, '2016-09-02 20:52:12'),
(362, 28, 97, 'i will write her', 1, '2016-09-02 20:52:24'),
(363, 94, 21, 'I will come because of you, and only you.', 1, '2016-09-02 20:52:33'),
(364, 94, 21, 'so stop asking if it for someone else', 1, '2016-09-02 20:52:45'),
(365, 97, 28, 'WELL YOU NEED TO UNDERSTAND THAT AS A MAN SON\\METIMES I GET MAD', 1, '2016-09-02 20:53:07'),
(366, 94, 21, 'I need to do some work now', 1, '2016-09-02 20:53:11'),
(367, 28, 97, 'especially with me', 1, '2016-09-02 20:53:28'),
(368, 28, 97, ';)', 1, '2016-09-02 20:53:29'),
(369, 21, 94, 'OK dear', 1, '2016-09-02 20:53:49'),
(370, 21, 94, 'when can we talk ?;)', 1, '2016-09-02 20:53:53'),
(371, 94, 21, 'I will tell you when I have dates and can you also take time in November', 1, '2016-09-02 20:53:58'),
(372, 28, 97, 'right?', 1, '2016-09-02 20:54:00'),
(373, 97, 28, 'SOMETIMES YES WITH YOU BUT WORK AND OTHER THINGS GET TO ME ALSO', 1, '2016-09-02 20:54:09'),
(374, 21, 94, 'of course i will', 1, '2016-09-02 20:54:13'),
(375, 94, 21, 'from your job', 1, '2016-09-02 20:54:18'),
(376, 28, 97, 'you mean like hurricane?', 1, '2016-09-02 20:54:40'),
(377, 97, 28, 'I COOL OFF FAST BUT I DO VENT WHEN I`M MAD THAT IS HOW I COPE WITH IT', 1, '2016-09-02 20:54:53'),
(378, 21, 94, 'I have flexible schedule;)', 1, '2016-09-02 20:54:54'),
(379, 94, 21, 'good then Can you send me photo of what you look like now', 1, '2016-09-02 20:55:10'),
(380, 97, 28, 'YES I COULD NOT WORK TODAY AT ALL', 1, '2016-09-02 20:55:13'),
(381, 28, 97, 'this is bad....', 1, '2016-09-02 20:55:21'),
(382, 28, 97, 'and what about other people?', 1, '2016-09-02 20:55:24'),
(383, 21, 94, 'of course;)', 1, '2016-09-02 20:55:30'),
(384, 21, 94, 'my hair became longer', 1, '2016-09-02 20:55:36'),
(385, 97, 28, 'PEOPLE ARE STUPID OF COURSE THEY MAKE ME MAD LOL', 1, '2016-09-02 20:55:51'),
(386, 94, 21, 'I may have deleted all your old photos  <img src="http://ukrbride4u.com/img/sm/ls/smile31.png" />', 1, '2016-09-02 20:56:00'),
(387, 28, 97, 'who is stupid this time? ;)', 1, '2016-09-02 20:56:07'),
(388, 28, 97, 'besides me of course', 1, '2016-09-02 20:56:12'),
(389, 94, 21, 'when I no longer heard from you', 1, '2016-09-02 20:56:19'),
(390, 21, 94, 'because of my behaviour?', 1, '2016-09-02 20:56:21'),
(391, 94, 21, 'Yes at least I thought so', 1, '2016-09-02 20:56:37'),
(392, 21, 94, 'well... i will send them again', 1, '2016-09-02 20:56:47'),
(393, 21, 94, 'i hope you will not need to delete it again', 1, '2016-09-02 20:56:53'),
(394, 97, 28, 'WELL WHEN YOU COME HERE TO VISIT I WILL DRIVE YOU AROUND AND THEN YOU CAN SEE THE STUPID DRIVERS ON THE ROAD HERE :)', 1, '2016-09-02 20:57:04'),
(395, 94, 21, 'you still have my email address', 1, '2016-09-02 20:57:06'),
(396, 94, 21, 'can I resend it here', 1, '2016-09-02 20:57:19'),
(397, 92, 97, 'How do you think we can be together?', 1, '2016-09-02 20:57:24'),
(398, 28, 97, 'hahahaha!!!! first you will see them in Ukraine', 1, '2016-09-02 20:57:30'),
(399, 28, 97, 'maybe you will change your opinion', 1, '2016-09-02 20:57:36'),
(400, 21, 94, 'please, resend', 1, '2016-09-02 20:57:42'),
(401, 97, 28, 'I`M SURE OF THAT', 1, '2016-09-02 20:57:46'),
(402, 21, 94, 'try. I have no idea', 1, '2016-09-02 20:57:46'),
(403, 94, 21, 'remember the naughty ones you sent to me', 1, '2016-09-02 20:57:55'),
(404, 28, 97, 'that you will change?', 1, '2016-09-02 20:58:08'),
(405, 94, 21, 'rwhite1032 @ hotmail.com', 1, '2016-09-02 20:58:11'),
(406, 21, 94, 'yes;)', 1, '2016-09-02 20:58:12'),
(407, 21, 94, 'do you want again?', 1, '2016-09-02 20:58:16'),
(408, 92, 97, 'My heart desires love and affection <img src="http://ukrbride4u.com/img/sm/ls/smile126.png" />', 1, '2016-09-02 20:58:18'),
(409, 94, 21, 'I definetly want them again', 1, '2016-09-02 20:58:31'),
(410, 94, 21, 'did you get it', 1, '2016-09-02 20:58:37'),
(411, 97, 28, 'ME CHANGE!HA HA HA I`M TO OLD TO CHANGE:)', 1, '2016-09-02 20:58:38'),
(412, 94, 21, 'my email', 1, '2016-09-02 20:58:52'),
(413, 21, 94, 'yes', 1, '2016-09-02 20:58:52'),
(414, 21, 94, 'no blocking', 1, '2016-09-02 20:58:55'),
(415, 94, 21, 'ok good', 1, '2016-09-02 20:58:59'),
(416, 28, 97, 'hahaha that is not true', 1, '2016-09-02 20:59:09'),
(417, 94, 21, 'I will looking forawrd to those photos', 1, '2016-09-02 20:59:14'),
(418, 94, 21, 'and any mews ones', 1, '2016-09-02 20:59:27'),
(419, 94, 21, 'new ones', 1, '2016-09-02 20:59:33'),
(420, 97, 28, 'SO HAS IT STARTED TO COOL OFF THERE YET?', 1, '2016-09-02 20:59:34'),
(421, 21, 94, 'i will try;)', 1, '2016-09-02 20:59:38'),
(422, 94, 21, 'meow', 1, '2016-09-02 20:59:39'),
(423, 21, 94, 'have a nice work my baby', 1, '2016-09-02 20:59:43'),
(424, 94, 21, 'lol', 1, '2016-09-02 20:59:46'),
(425, 21, 94, '<img src="http://ukrbride4u.com/img/sm/ls/smile126.png" />', 1, '2016-09-02 20:59:48'),
(426, 94, 21, 'ok bye', 1, '2016-09-02 20:59:49'),
(427, 21, 94, 'good bye', 1, '2016-09-02 20:59:52'),
(428, 28, 97, 'yes!:)', 1, '2016-09-02 20:59:59'),
(429, 28, 97, 'today it was 24 degrees and windy', 1, '2016-09-02 21:00:10'),
(430, 21, 94, '<img src="http://ukrbride4u.com/img/sm/ls/smile103.png" />', 1, '2016-09-02 21:00:18'),
(431, 97, 28, 'GOOD THAT WILL BE NICE AS LONG AS IT IS NOT COLD', 1, '2016-09-02 21:00:22'),
(432, 28, 97, 'i agree;)', 1, '2016-09-02 21:00:47'),
(433, 97, 28, 'I GUESS I WON`T HAVE TO PACK SHORTS THEN', 1, '2016-09-02 21:00:52'),
(434, 28, 97, 'for you!', 1, '2016-09-02 21:00:52'),
(435, 28, 97, 'well, take for an accident', 1, '2016-09-02 21:01:02'),
(436, 28, 97, 'Odessa, is unexpecteble', 1, '2016-09-02 21:01:07'),
(437, 97, 28, 'OK I WILL DO THAT THEN', 1, '2016-09-02 21:03:06'),
(438, 92, 97, 'and what about you?', 1, '2016-09-02 21:03:07'),
(439, 97, 28, 'ARE YOU THERE', 1, '2016-09-02 21:03:11'),
(440, 28, 97, 'yes!', 1, '2016-09-02 21:03:13'),
(441, 28, 97, 'they don''t take so much space;)', 1, '2016-09-02 21:03:20'),
(442, 92, 97, 'and what about you?', 1, '2016-09-02 21:03:26'),
(443, 97, 28, 'I KNOW BUT I DON`T KNOW HOW TO DRESS THERE', 1, '2016-09-02 21:03:43'),
(444, 92, 97, 'What goals do you have?', 1, '2016-09-02 21:04:01'),
(445, 28, 97, 'You take more warm clothes. But take 1-2 shorts and 1-2 t-shirts!:)', 1, '2016-09-02 21:04:23'),
(446, 92, 97, 'ok', 1, '2016-09-02 21:05:05'),
(447, 97, 28, 'OK JEANS AND DOCERS WILL BE OK THEN ,I DON`T OWN A SUIT OR THINGS LIKE THAT', 1, '2016-09-02 21:05:15'),
(448, 28, 97, 'not a problem', 1, '2016-09-02 21:05:31'),
(449, 28, 97, 'jeans are good', 1, '2016-09-02 21:05:34'),
(450, 28, 97, 'maybe 2 sweaters... something lime this', 1, '2016-09-02 21:05:41'),
(451, 92, 97, 'I hope that the next time we talk more <img src="http://ukrbride4u.com/img/sm/ls/smile1.png" />', 1, '2016-09-02 21:05:43'),
(452, 28, 97, 'like*', 1, '2016-09-02 21:05:43'),
(453, 92, 97, 'it is late now', 1, '2016-09-02 21:06:01'),
(454, 97, 28, 'GOOD THAT IS HOW I DRESS.NOT MUCH TO LOOK AT I`M AFRIAD', 1, '2016-09-02 21:06:13'),
(455, 92, 97, 'and I need to go to sleep', 1, '2016-09-02 21:06:30'),
(456, 28, 97, 'clothes doesn''t make person better', 1, '2016-09-02 21:06:45'),
(457, 92, 97, 'good night  <img src="http://ukrbride4u.com/img/sm/ls/smile130.png" />', 1, '2016-09-02 21:07:02'),
(458, 97, 28, 'I HAVE NICE CLOTHES TO WAER OUT FOR DINNER', 1, '2016-09-02 21:07:06'),
(459, 28, 97, 'something like suits?', 1, '2016-09-02 21:07:26'),
(460, 97, 28, 'NO NOT A SUIT DRESS SLACKS AND NICE SHIRT.', 1, '2016-09-02 21:07:59'),
(461, 28, 97, 'great!!!! and you can also dress not just to restaurants', 1, '2016-09-02 21:08:30'),
(462, 97, 28, 'THE KIDS SAY I LOOK OK WHEN I GO OUT,AND BESIDES WHO CARES WHAT OTHER PEOPLE THINK ABOUT ME ANYWAY:)', 1, '2016-09-02 21:09:49'),
(463, 28, 97, 'but if you dress nice, it means that you care about it;)', 1, '2016-09-02 21:10:10'),
(464, 28, 97, 'right?', 1, '2016-09-02 21:10:13'),
(465, 97, 28, 'YES BUT I HAVE BEEN RAISING KIDS I BUY CLOTHS FOR THEM NOT ME:)', 1, '2016-09-02 21:10:41'),
(466, 28, 97, 'oh yes! i understand;)', 1, '2016-09-02 21:10:55'),
(467, 28, 97, 'do they like to choose clothes by themselves?', 1, '2016-09-02 21:11:07'),
(468, 97, 28, 'OH YES THEY DO I JUST PAY FOR THEM', 1, '2016-09-02 21:11:25'),
(469, 28, 97, 'hahahaha:)', 1, '2016-09-02 21:11:34'),
(470, 28, 97, 'do they like expensive clothes? ''', 1, '2016-09-02 21:11:39'),
(471, 97, 28, 'NO THEY DO OK THEY UNDERSTAND THE COST.', 1, '2016-09-02 21:12:11'),
(472, 28, 97, 'you are good father', 1, '2016-09-02 21:12:20'),
(473, 28, 97, 'i will always repeat it', 1, '2016-09-02 21:12:23'),
(474, 28, 97, 'and they are good kids', 1, '2016-09-02 21:12:36'),
(475, 97, 28, 'MOST OF TIME YES THEY ARE', 1, '2016-09-02 21:12:52'),
(476, 28, 97, 'sometimes grown ups can be bad too;)', 1, '2016-09-02 21:13:14'),
(477, 28, 97, 'how is Ian''s school?', 1, '2016-09-02 21:13:31'),
(478, 97, 28, 'OH YES', 1, '2016-09-02 21:13:36'),
(479, 97, 28, 'HE IS DOING OK WE WILL SEE WHEN GRADES COME OUT', 1, '2016-09-02 21:14:00'),
(480, 28, 97, 'he will grade! i remember you were worried about it', 1, '2016-09-02 21:14:14'),
(481, 97, 28, 'I STILL AM WORRIED ABOUT IT', 1, '2016-09-02 21:14:35'),
(482, 28, 97, 'how many years does he have?', 1, '2016-09-02 21:15:00'),
(483, 97, 28, '2 LEFT IN HIGH SCHOOL', 1, '2016-09-02 21:15:28'),
(484, 28, 97, 'i am sure he will be fine;)', 1, '2016-09-02 21:15:46'),
(485, 28, 97, 'did he choose what would he like to do in his life?', 1, '2016-09-02 21:15:57'),
(486, 97, 28, 'YES HE WANTS TO PLAY GAMES', 1, '2016-09-02 21:16:20'),
(487, 28, 97, 'video?', 1, '2016-09-02 21:16:37'),
(488, 97, 28, 'YES', 1, '2016-09-02 21:16:43'),
(489, 28, 97, 'some people earn money this way!', 1, '2016-09-02 21:17:36'),
(490, 97, 28, 'SOUNDS GREAT DOESN`T IT', 1, '2016-09-02 21:17:47'),
(491, 28, 97, 'yes!:)', 1, '2016-09-02 21:17:59'),
(492, 97, 28, 'YES THEY DO B UT I WANT BETTER FOR HIM', 1, '2016-09-02 21:18:06'),
(493, 28, 97, 'future!', 1, '2016-09-02 21:18:06'),
(494, 28, 97, 'well, who knows what is better?', 1, '2016-09-02 21:18:15'),
(495, 97, 28, 'WE WILL FIND OUT WON`T WE', 1, '2016-09-02 21:20:15'),
(496, 28, 97, 'of course;)', 1, '2016-09-02 21:20:25'),
(497, 28, 97, 'but you must not be nervous', 1, '2016-09-02 21:20:29'),
(498, 97, 28, 'IT IS HIS CHOICE NOT MINE BUT I TOLD HIM I WILL NOT PAY HIS BILLS WHEN HE CAN`T', 1, '2016-09-02 21:21:19'),
(499, 28, 97, 'i am sure you will', 1, '2016-09-02 21:22:35'),
(500, 28, 97, 'you are kind man', 1, '2016-09-02 21:22:39'),
(501, 28, 97, 'bbut your son will have money!', 1, '2016-09-02 21:22:47'),
(502, 97, 28, 'WELL I WILL DO WHAT NEEDS TO BE DONE.BUT THEY NEED TO KNOW THAT THEY ARE IN CAHRGE OF THERE LIVES AFTER 18 YEARS OLD NOT ME', 1, '2016-09-02 21:23:41'),
(503, 28, 97, 'well.... I am sure they will be great!', 1, '2016-09-02 21:24:27'),
(504, 28, 97, 'just love them and support them', 1, '2016-09-02 21:24:32'),
(505, 97, 28, 'TIME WILL TELL US WON`T IT:)', 1, '2016-09-02 21:24:45'),
(506, 28, 97, 'of course;)', 1, '2016-09-02 21:25:34'),
(507, 28, 97, 'it will be something good', 1, '2016-09-02 21:25:41'),
(508, 97, 28, 'I WILL BE TAKING CARE OF YOU THEN SO THEY CAN TAKE CARE OF THEM SELVES', 1, '2016-09-02 21:26:12'),
(509, 28, 97, 'i will work too', 1, '2016-09-02 21:26:36'),
(510, 28, 97, 'i hope;)', 1, '2016-09-02 21:26:38'),
(511, 97, 28, 'YOU JUST TAKE CARE OF ME:)', 1, '2016-09-02 21:26:56'),
(512, 97, 28, 'MAYBE YOU CAN GET WORK TEACHING', 1, '2016-09-02 21:27:27'),
(513, 28, 97, 'teaching what?', 1, '2016-09-02 21:27:37'),
(514, 28, 97, 'russian? lol', 1, '2016-09-02 21:27:43'),
(515, 97, 28, 'WELL PEOPLE WANT TO LEARN RUSSIAN', 1, '2016-09-02 21:28:02'),
(516, 97, 28, 'YOU WILL HAVE TO TEACH US WON`T YOU', 1, '2016-09-02 21:28:20'),
(517, 28, 97, 'really?', 1, '2016-09-02 21:28:33'),
(518, 28, 97, 'who does want it?', 1, '2016-09-02 21:28:35'),
(519, 97, 28, 'THERE ARE PEOPLE HERE FROM ALL OVER THE WORLD I`M SURE SOME WANT TO LEARN RUSSIAN', 1, '2016-09-02 21:29:18'),
(520, 28, 97, 'well... and how much can it cost?', 1, '2016-09-02 21:29:51'),
(521, 28, 97, 'to work like that?', 1, '2016-09-02 21:29:54'),
(522, 97, 28, 'HOW ELSE CAN THEY LEARN TO TALK TO ALL THE BEAUTIFUL LADIES FROM UKRAINE:)', 1, '2016-09-02 21:29:59'),
(523, 28, 97, 'do they all do it? ;)', 1, '2016-09-02 21:30:41'),
(524, 97, 28, 'IO DON`T KNOW!BUT I WILL SAY YOUR COUNTRY HAS MANY BEAUTIFUL LADIES.MORE THAN I SEE HERE', 1, '2016-09-02 21:31:35'),
(525, 28, 97, 'beauty is not the most important!:)', 1, '2016-09-02 21:32:01'),
(526, 97, 28, 'NO BUT IT DOES GET SOMEONE ATTENTION FIRST DON`T YOU THINK', 1, '2016-09-02 21:32:29'),
(527, 28, 97, 'i agre', 1, '2016-09-02 21:32:51'),
(528, 97, 28, 'INSIDE BEAUTY IS MOST IMPORTANT I DO AGREE WITH THAT', 1, '2016-09-02 21:33:03'),
(529, 28, 97, 'but sometimes people fall in love just because of beauty and it causes problems', 1, '2016-09-02 21:33:07'),
(530, 97, 28, 'YES BUT THAT IS LUST NOT LOVE:)', 1, '2016-09-02 21:33:30'),
(531, 28, 97, 'why not? ;l)', 1, '2016-09-02 21:33:42'),
(532, 97, 28, 'BUT OT TRULEY LOVE SOMEONE YOU KNOW THEM AND STILL LIKE THEM EVEN WITH THE FAULTS THEY HAVE', 1, '2016-09-02 21:35:02'),
(533, 28, 97, 'are you talking about your love to me? ;)', 1, '2016-09-02 21:35:29'),
(534, 97, 28, 'NO ONE IS PERFECT EXECPT ME!HAHAHA', 1, '2016-09-02 21:35:41'),
(535, 28, 97, 'hahahahahha', 1, '2016-09-02 21:36:08'),
(536, 28, 97, 'i like it', 1, '2016-09-02 21:36:10'),
(537, 97, 28, 'WELL WE ARE AN EXAMPLE OF THAT YES', 1, '2016-09-02 21:36:15'),
(538, 28, 97, 'but we have to meet also', 1, '2016-09-02 21:36:30'),
(539, 28, 97, 'what if i look different from what you see on the photo? ;)', 1, '2016-09-02 21:36:39'),
(540, 97, 28, 'YES WE DO', 1, '2016-09-02 21:36:45'),
(541, 97, 28, 'WELL HOW WOULD YOU LOOK DIFFERENT THAN PHOTOS UNLESS YOU SENT PHOTOS OF SOMEONE ELSE TO ME', 1, '2016-09-02 21:37:23'),
(542, 28, 97, 'i just make you to imagine', 1, '2016-09-02 21:37:53'),
(543, 28, 97, 'i am small ugly brunette?;)', 1, '2016-09-02 21:37:59'),
(544, 97, 28, 'WELL THEN THE WORST THING ABOUT THAT WOULD BE THE LIE THAT WAS SHOWED.NOT A GOOD WAY TO START SOMETHING', 1, '2016-09-02 21:39:01'),
(545, 28, 97, 'and what if I am better looking? ;)', 1, '2016-09-02 21:39:16'),
(546, 97, 28, 'HOW COULD YOU BE ANY BETTER LOOKING THAN THE LADY I`M SEEING NOW', 1, '2016-09-02 21:39:57'),
(547, 28, 97, 'do you think it is impossible?', 1, '2016-09-02 21:40:26'),
(548, 97, 28, 'I DON`T KNOW I LOVE THE WAY YOU LOOK NOW SO HOW COULD YOU IMPROVE ON THAT', 1, '2016-09-02 21:41:02'),
(549, 28, 97, 'just imagine not me will meet you, but something like Angelin Jolie', 1, '2016-09-02 21:41:44'),
(550, 28, 97, ';)', 1, '2016-09-02 21:41:45'),
(551, 97, 28, 'WELL THAT WOULD BE SAD BECAUSE SHE IS NOT ATTRACTIVE TO ME:(', 1, '2016-09-02 21:42:16'),
(552, 28, 97, 'really?', 1, '2016-09-02 21:42:50'),
(553, 28, 97, 'wow', 1, '2016-09-02 21:42:51'),
(554, 28, 97, 'and who is?', 1, '2016-09-02 21:42:53'),
(555, 97, 28, 'YOU', 1, '2016-09-02 21:43:00'),
(556, 28, 97, 'ok;) i mean from stars', 1, '2016-09-02 21:43:42'),
(557, 97, 28, 'SANDRA BULLUCK,KRISTINA AGULARA', 1, '2016-09-02 21:44:45'),
(558, 97, 28, 'SORRY CAN`T SPEEL THE NAMES', 1, '2016-09-02 21:45:01'),
(559, 28, 97, 'Ok. Sandra Bulluck will meet you', 1, '2016-09-02 21:45:15'),
(560, 28, 97, 'will be you be sad? ;)', 1, '2016-09-02 21:45:20'),
(561, 97, 28, 'WELL I DON`T KNOW IF I LIKE HERE OR NOT YOU WILL DO FINE', 1, '2016-09-02 21:45:52'),
(562, 28, 97, 'but this is the same lie;)', 1, '2016-09-02 21:46:06'),
(563, 97, 28, 'ARE YOU TRYING TO TELL ME SOMETHING?', 1, '2016-09-02 21:46:06'),
(564, 28, 97, 'OF COURSE NOT', 1, '2016-09-02 21:46:36'),
(565, 28, 97, 'just trying to understand if inner beauty is really so important;)', 1, '2016-09-02 21:46:52'),
(566, 97, 28, 'OK WELL IF YOU ARE NOT WHO YOU PRESENT YOUR SELF TO BE I WILL BE DISSAPOINTED OK', 1, '2016-09-02 21:47:08'),
(567, 97, 28, 'OUTER BEAUTY IS WHAT YOU SEE,INNER BEAUTY IS WHAT YOU LIVE WITH:)', 1, '2016-09-02 21:47:51'),
(568, 28, 97, 'yes but you fell in love with inner beauty;) right?', 1, '2016-09-02 21:48:05'),
(569, 97, 28, 'AFTER THIS MANY YEARS OF COURSE.WE HAVE GOTTEN TO KNOW EACH OTHER.THE OUTER BEAUTY IS WHAT CAUGHT MY EYE.THE INNER BEAUTY IS WHAT CAUGHT MY HEART', 1, '2016-09-02 21:49:34'),
(570, 28, 97, 'you said it so nice;)', 1, '2016-09-02 21:49:51'),
(571, 28, 97, 'unbelievable', 1, '2016-09-02 21:49:53'),
(572, 28, 97, 'don''t afraid. I look the same;)', 1, '2016-09-02 21:50:25'),
(573, 97, 28, 'SEE I`M NOT SUCH A BAD MAN', 1, '2016-09-02 21:50:37'),
(574, 97, 28, 'IO`M SURE YOU DO.REMEMBER KRISTINA HAS MY BACK LOL', 1, '2016-09-02 21:51:13'),
(575, 28, 97, 'which back?', 1, '2016-09-02 21:51:21'),
(576, 97, 28, 'SHE WOULD NOT LET YOU DECIEVE ME IN THAT WAY,SHE WANTS US TO BE HAPPY', 1, '2016-09-02 21:52:13'),
(577, 28, 97, 'oh yes', 1, '2016-09-02 21:52:32'),
(578, 28, 97, 'i afraid of that girl', 1, '2016-09-02 21:52:37'),
(579, 28, 97, 'actually', 1, '2016-09-02 21:52:38'),
(580, 28, 97, 'she talks to me like a soldier', 1, '2016-09-02 21:52:49'),
(581, 28, 97, 'lol', 1, '2016-09-02 21:52:50'),
(582, 97, 28, 'WELL SHE TOLD ME I WOULD BE SAFE THERE WITH HER AND I BELIEVE IT', 1, '2016-09-02 21:53:42'),
(583, 28, 97, 'well i am sure you will', 1, '2016-09-02 21:54:04'),
(584, 28, 97, 'she is responsible girl', 1, '2016-09-02 21:54:09'),
(585, 97, 28, 'AND A VERY GOOD FRIEND ALSO:)', 1, '2016-09-02 21:54:24'),
(586, 28, 97, 'i am jealous!', 1, '2016-09-02 21:54:50'),
(587, 97, 28, 'WHY YOU ARE MY FRIEND ALSO ,MY VERY SPECIAL FRIEND', 1, '2016-09-02 21:55:24'),
(588, 28, 97, 'i am not friend', 1, '2016-09-02 21:55:38'),
(589, 28, 97, 'i hope', 1, '2016-09-02 21:55:39'),
(590, 97, 28, 'MUCH MORE THAN THAT HONEY:)', 1, '2016-09-02 21:56:03'),
(591, 28, 97, 'good!!!!', 1, '2016-09-02 21:56:17'),
(592, 28, 97, 'well, dear i want to sleep;)', 1, '2016-09-02 21:56:25'),
(593, 28, 97, 'hope to see you tomorrow?', 1, '2016-09-02 21:56:29'),
(594, 97, 28, 'YES I NEED TO EAT ALSO', 1, '2016-09-02 21:56:43'),
(595, 97, 28, 'I WILL LOOK FOR YOU', 1, '2016-09-02 21:56:59'),
(596, 28, 97, 'great!:)', 1, '2016-09-02 21:57:01'),
(597, 28, 97, 'good night then!!!!!', 1, '2016-09-02 21:57:05'),
(598, 28, 97, 'love you', 1, '2016-09-02 21:57:07'),
(599, 28, 97, '<img src="http://ukrbride4u.com/img/sm/ls/smile126.png" />', 1, '2016-09-02 21:57:11'),
(600, 97, 28, 'GOOD NIGHT MY LOVE', 1, '2016-09-02 21:57:14'),
(601, 97, 28, 'LOVE YOU TOO', 1, '2016-09-02 21:57:37'),
(602, 28, 97, 'i love you more;)', 1, '2016-09-02 21:58:57'),
(603, 28, 97, 'Hello;)', 1, '2016-09-03 15:34:39'),
(604, 94, 21, 'well hello sweetheart', 1, '2016-09-03 16:47:55'),
(605, 94, 21, '<img src="http://ukrbride4u.com/img/sm/ls/smile35.png" />', 1, '2016-09-03 16:48:30'),
(606, 94, 21, '<img src="http://ukrbride4u.com/img/sm/ls/smile130.png" />  <img src="http://ukrbride4u.com/img/sm/ls/smile130.png" />  <img src="http://ukrbride4u.com/img/sm/ls/smile130.png" />', 1, '2016-09-03 16:49:03'),
(607, 21, 94, 'Hello;)', 1, '2016-09-03 16:49:35'),
(608, 21, 94, 'Why did you send me the nose?', 1, '2016-09-03 16:49:41'),
(609, 21, 94, ';)', 1, '2016-09-03 16:50:31'),
(610, 21, 94, '<img src="http://ukrbride4u.com/img/sm/ls/smile36.png" />', 1, '2016-09-03 16:51:45'),
(611, 21, 94, 'you here?', 1, '2016-09-03 16:53:33'),
(612, 94, 21, 'yes I did not know what it was I thought it was penis', 1, '2016-09-03 16:59:47'),
(613, 21, 94, 'hahahahahahaha', 1, '2016-09-03 17:00:09'),
(614, 21, 94, 'really?', 1, '2016-09-03 17:00:10'),
(615, 94, 21, 'but when it was bigger it was easy to see what it was', 1, '2016-09-03 17:00:26'),
(616, 94, 21, 'well look at it', 1, '2016-09-03 17:00:37'),
(617, 21, 94, 'i thought it is nose from the first time', 1, '2016-09-03 17:00:53'),
(618, 21, 94, 'lol', 1, '2016-09-03 17:00:53'),
(619, 94, 21, 'two balls on the bottom', 1, '2016-09-03 17:00:57'),
(620, 94, 21, '<img src="http://ukrbride4u.com/img/sm/ls/smile46.png" />', 1, '2016-09-03 17:01:13'),
(621, 21, 94, 'you have good fantasy!:) what can I say? :)', 1, '2016-09-03 17:01:17'),
(622, 94, 21, 'yes I do', 1, '2016-09-03 17:01:26'),
(623, 21, 94, 'it looks like ass;)', 1, '2016-09-03 17:01:31'),
(624, 94, 21, 'which one', 1, '2016-09-03 17:02:00'),
(625, 21, 94, 'the last smile', 1, '2016-09-03 17:02:05'),
(626, 94, 21, 'ahh the tongue', 1, '2016-09-03 17:02:23'),
(627, 94, 21, 'I hope your ass does not look like this', 1, '2016-09-03 17:02:44'),
(628, 21, 94, 'i even couldn''t understand that it is tounge', 1, '2016-09-03 17:02:44'),
(629, 21, 94, 'hahaha:)', 1, '2016-09-03 17:02:50'),
(630, 21, 94, 'monkey''s ass look like this', 1, '2016-09-03 17:02:55'),
(631, 94, 21, 'bamboo ass', 1, '2016-09-03 17:03:05'),
(632, 21, 94, 'yes', 1, '2016-09-03 17:03:10'),
(633, 94, 21, '<img src="http://ukrbride4u.com/img/sm/ls/smile46.png" />  <img src="http://ukrbride4u.com/img/sm/ls/smile50.png" />', 1, '2016-09-03 17:03:28'),
(634, 21, 94, 'is it shit? :)', 1, '2016-09-03 17:03:43'),
(635, 94, 21, 'shit from ass and it has eyes', 1, '2016-09-03 17:03:45'),
(636, 94, 21, 'I think so', 1, '2016-09-03 17:03:54'),
(637, 21, 94, 'hahahahaha', 1, '2016-09-03 17:04:06'),
(638, 21, 94, 'funny', 1, '2016-09-03 17:04:08'),
(639, 21, 94, 'look like Mr.Brown from South Park', 1, '2016-09-03 17:04:15'),
(640, 21, 94, 'you know this cartoon?', 1, '2016-09-03 17:04:18'),
(641, 94, 21, 'yes but I never really watched', 1, '2016-09-03 17:04:34'),
(642, 21, 94, 'why not?', 1, '2016-09-03 17:04:40'),
(643, 21, 94, 'i think you will like', 1, '2016-09-03 17:04:43'),
(644, 94, 21, '<img src="http://ukrbride4u.com/img/sm/ls/smile45.png" />', 1, '2016-09-03 17:04:59'),
(645, 94, 21, 'what is this suppose to be?', 1, '2016-09-03 17:05:11'),
(646, 21, 94, 'hmm... look like bug', 1, '2016-09-03 17:05:19'),
(647, 94, 21, 'mmmm maybe', 1, '2016-09-03 17:06:06'),
(648, 94, 21, 'I was thinking more like a troll', 1, '2016-09-03 17:06:16'),
(649, 21, 94, 'do you like cartoons? :)', 1, '2016-09-03 17:06:17'),
(650, 21, 94, 'yes, I think you are right', 1, '2016-09-03 17:06:30'),
(651, 94, 21, 'I like animated movies', 1, '2016-09-03 17:06:35'),
(652, 94, 21, 'and I like dramas', 1, '2016-09-03 17:06:43'),
(653, 21, 94, 'dramas? you mean movies?', 1, '2016-09-03 17:06:58'),
(654, 94, 21, 'yes', 1, '2016-09-03 17:07:03'),
(655, 21, 94, 'really? i thought you like comedies more', 1, '2016-09-03 17:07:21'),
(656, 94, 21, 'true stories are also big with me', 1, '2016-09-03 17:07:24'),
(657, 21, 94, 'this is cool!! for me too!', 1, '2016-09-03 17:07:37'),
(658, 21, 94, 'i don''t like melodramas', 1, '2016-09-03 17:07:48'),
(659, 94, 21, 'comedies and action movies are more for when there is nothing else to see, a good way to waste a afternoon out of the sun', 1, '2016-09-03 17:08:17'),
(660, 21, 94, 'and what is your favourite drama?', 1, '2016-09-03 17:08:35'),
(661, 94, 21, 'I have several DVDs that I owe', 1, '2016-09-03 17:08:41'),
(662, 21, 94, 'DVD''s?', 1, '2016-09-03 17:09:00'),
(663, 94, 21, 'Shawshank Redempention', 1, '2016-09-03 17:09:13'),
(664, 21, 94, 'one of the best. I also read a book', 1, '2016-09-03 17:09:24'),
(665, 94, 21, 'DVD''s little silver disk that hold movies on them', 1, '2016-09-03 17:09:39'),
(666, 94, 21, 'Schiedners list', 1, '2016-09-03 17:09:50'),
(667, 21, 94, 'hahah:) I think few DVD''s are not enough;)', 1, '2016-09-03 17:09:51');
INSERT INTO `chat` (`id`, `user_id`, `partner_id`, `msg`, `viewed`, `created_at`) VALUES
(668, 21, 94, 'yes!!! good;)', 1, '2016-09-03 17:10:01'),
(669, 94, 21, 'I have about 800', 1, '2016-09-03 17:10:08'),
(670, 94, 21, 'just a few', 1, '2016-09-03 17:10:13'),
(671, 21, 94, 'wow!:)', 1, '2016-09-03 17:10:38'),
(672, 21, 94, 'did you see all of them?', 1, '2016-09-03 17:10:44'),
(673, 94, 21, 'I have watch all of them', 1, '2016-09-03 17:11:05'),
(674, 94, 21, 'some several times', 1, '2016-09-03 17:11:13'),
(675, 21, 94, 'that is great! and do you like something from new dramas?', 1, '2016-09-03 17:11:32'),
(676, 94, 21, 'I do not know but probably', 1, '2016-09-03 17:12:13'),
(677, 21, 94, 'did you see something?', 1, '2016-09-03 17:12:39'),
(678, 94, 21, 'have you ever heard of such movies like August Rush or even Powder', 1, '2016-09-03 17:12:41'),
(679, 94, 21, 'these are great movies at least I think so', 1, '2016-09-03 17:13:12'),
(680, 21, 94, 'of course;)', 1, '2016-09-03 17:13:15'),
(681, 21, 94, 'yes!!!!', 1, '2016-09-03 17:13:21'),
(682, 21, 94, 'i like', 1, '2016-09-03 17:13:23'),
(683, 94, 21, 'really then what is August Rush about?', 1, '2016-09-03 17:13:34'),
(684, 21, 94, 'about little boy who has musician talant', 1, '2016-09-03 17:13:51'),
(685, 21, 94, 'and he becomes very famous.', 1, '2016-09-03 17:14:02'),
(686, 21, 94, 'with obin Williams', 1, '2016-09-03 17:14:09'),
(687, 21, 94, 'Robin&quot;', 1, '2016-09-03 17:14:12'),
(688, 94, 21, 'and where did he grow up', 1, '2016-09-03 17:14:14'),
(689, 21, 94, 'didn''t I answer question?', 1, '2016-09-03 17:14:33'),
(690, 21, 94, 'he was a boy of street', 1, '2016-09-03 17:14:38'),
(691, 94, 21, 'yes you have', 1, '2016-09-03 17:14:47'),
(692, 21, 94, 'because his parents left him', 1, '2016-09-03 17:14:47'),
(693, 94, 21, 'they did not really leave him', 1, '2016-09-03 17:14:58'),
(694, 21, 94, 'you don''t believe me? :)', 1, '2016-09-03 17:15:01'),
(695, 21, 94, 'such questions;)', 1, '2016-09-03 17:15:18'),
(696, 94, 21, 'They were lead to believe he did not survive birth by evil grand father', 1, '2016-09-03 17:15:46'),
(697, 94, 21, 'it is great story I wished we could watch it together again', 1, '2016-09-03 17:16:08'),
(698, 21, 94, 'maybe. But I remember in the start his father left him. Because he was too young and music was the most important for him', 1, '2016-09-03 17:16:19'),
(699, 21, 94, 'yes. I liked that boy. He is so cute', 1, '2016-09-03 17:16:35'),
(700, 94, 21, 'he believes in the power of music', 1, '2016-09-03 17:17:02'),
(701, 21, 94, 'i didn''t know you liked this movie. I have some friends. And if they are men, they don''t like it normally', 1, '2016-09-03 17:17:35'),
(702, 94, 21, 'I would tell them this is great movie', 1, '2016-09-03 17:17:54'),
(703, 21, 94, 'this is what i normally tell;)', 1, '2016-09-03 17:18:03'),
(704, 94, 21, 'and I have hundred more like it', 1, '2016-09-03 17:18:23'),
(705, 21, 94, 'i am impressed;)', 1, '2016-09-03 17:18:48'),
(706, 21, 94, 'i have to learn English well for watching movies with you', 1, '2016-09-03 17:19:28'),
(707, 94, 21, 'lol yes there are many different accents in America', 1, '2016-09-03 17:20:24'),
(708, 21, 94, 'Is Texas language special? :)', 1, '2016-09-03 17:20:39'),
(709, 94, 21, 'Yes I guess so I grow up with it so I do not hear it', 1, '2016-09-03 17:21:04'),
(710, 94, 21, 'it is funny when someone else try to speak it', 1, '2016-09-03 17:21:43'),
(711, 21, 94, 'but is there hardest accent?', 1, '2016-09-03 17:21:44'),
(712, 94, 21, 'yes I think the blacks have the hardest in certain areas', 1, '2016-09-03 17:22:24'),
(713, 94, 21, 'it makes stop and try to think what they are saying', 1, '2016-09-03 17:22:47'),
(714, 21, 94, 'this is so interesting', 1, '2016-09-03 17:22:59'),
(715, 21, 94, 'how one country has special accents and languages', 1, '2016-09-03 17:23:10'),
(716, 94, 21, 'we are big country', 1, '2016-09-03 17:23:23'),
(717, 94, 21, 'remember texas is bigger than all of ukraine', 1, '2016-09-03 17:23:42'),
(718, 21, 94, 'iwe are less, but we have the same;)', 1, '2016-09-03 17:23:46'),
(719, 94, 21, 'yes like different between east and west', 1, '2016-09-03 17:24:06'),
(720, 21, 94, 'and south;)', 1, '2016-09-03 17:24:14'),
(721, 94, 21, 'and south I am sure but it all sounds the same to me and I am sure it will be the same for you', 1, '2016-09-03 17:24:48'),
(722, 94, 21, 'everyone here speaks different language', 1, '2016-09-03 17:25:09'),
(723, 21, 94, 'is it true that there are states where people speak just spanish?', 1, '2016-09-03 17:25:28'),
(724, 94, 21, 'but for you it will all the same at first', 1, '2016-09-03 17:25:29'),
(725, 94, 21, 'not states but in some rural cities along the border', 1, '2016-09-03 17:26:06'),
(726, 94, 21, 'even the signage is in spanish', 1, '2016-09-03 17:26:39'),
(727, 21, 94, 'where?', 1, '2016-09-03 17:26:53'),
(728, 94, 21, 'but do not worry I can understand well enough', 1, '2016-09-03 17:27:06'),
(729, 94, 21, 'neuvo laredo', 1, '2016-09-03 17:27:24'),
(730, 94, 21, 'brownsville', 1, '2016-09-03 17:27:32'),
(731, 21, 94, 'which state is it? :)', 1, '2016-09-03 17:27:42'),
(732, 94, 21, 'these is just a few of the towns', 1, '2016-09-03 17:27:51'),
(733, 94, 21, 'in Texas', 1, '2016-09-03 17:27:57'),
(734, 94, 21, 'I remember going to first grade and the teacher had to speak Spanish re half the kids would not understand', 1, '2016-09-03 17:28:40'),
(735, 21, 94, 'wow!:) didn''t know', 1, '2016-09-03 17:28:44'),
(736, 21, 94, 'and do you know spanish well?', 1, '2016-09-03 17:28:53'),
(737, 94, 21, 'no', 1, '2016-09-03 17:28:59'),
(738, 94, 21, 'I understand more than I speak', 1, '2016-09-03 17:29:11'),
(739, 94, 21, 'I had order some breakfast tacos in spanish', 1, '2016-09-03 17:29:40'),
(740, 94, 21, 'lol but it does not make me speak it well', 1, '2016-09-03 17:30:04'),
(741, 21, 94, 'i can''t do it', 1, '2016-09-03 17:30:25'),
(742, 94, 21, 'I bet you can', 1, '2016-09-03 17:30:31'),
(743, 21, 94, 'i think spanish is nice language', 1, '2016-09-03 17:30:39'),
(744, 94, 21, 'do you know how to say NO in english', 1, '2016-09-03 17:30:45'),
(745, 21, 94, 'yes;)', 1, '2016-09-03 17:30:57'),
(746, 21, 94, 'of course', 1, '2016-09-03 17:31:01'),
(747, 94, 21, 'then you know how to say NO in spanish', 1, '2016-09-03 17:31:19'),
(748, 94, 21, 'it is same', 1, '2016-09-03 17:31:26'),
(749, 21, 94, 'is it the same word?', 1, '2016-09-03 17:31:33'),
(750, 94, 21, 'yes and means the same thing', 1, '2016-09-03 17:31:46'),
(751, 21, 94, 'hahaha', 1, '2016-09-03 17:32:07'),
(752, 21, 94, 'and what about yes?', 1, '2016-09-03 17:32:10'),
(753, 94, 21, 'no hablo espanol', 1, '2016-09-03 17:32:12'),
(754, 94, 21, 'means speak no spanish', 1, '2016-09-03 17:32:26'),
(755, 94, 21, 'it is see', 1, '2016-09-03 17:32:34'),
(756, 21, 94, 'cool!', 1, '2016-09-03 17:32:44'),
(757, 21, 94, 'but you speak!', 1, '2016-09-03 17:32:44'),
(758, 94, 21, 'see hablo espanol', 1, '2016-09-03 17:32:50'),
(759, 94, 21, 'I have lived here forever you pick up some of the language', 1, '2016-09-03 17:33:18'),
(760, 21, 94, 'maybe few years and i will have no problem?:)', 1, '2016-09-03 17:33:39'),
(761, 94, 21, 'it is good if you want to learn', 1, '2016-09-03 17:33:53'),
(762, 21, 94, 'of course i want', 1, '2016-09-03 17:33:59'),
(763, 21, 94, 'but desire is not enough', 1, '2016-09-03 17:34:04'),
(764, 94, 21, 'there are many places that will hire bilinguals', 1, '2016-09-03 17:34:25'),
(765, 94, 21, 'just to translate between the Mexicans and the americans', 1, '2016-09-03 17:34:57'),
(766, 21, 94, 'like Europe. But in Europe they don''t like to talk english', 1, '2016-09-03 17:35:09'),
(767, 21, 94, 'i don''t know why', 1, '2016-09-03 17:35:15'),
(768, 94, 21, 'because we saved them and they have their pride', 1, '2016-09-03 17:35:33'),
(769, 21, 94, 'who did you save?', 1, '2016-09-03 17:36:03'),
(770, 94, 21, 'they would all be speaking German Mien Hauf', 1, '2016-09-03 17:36:09'),
(771, 94, 21, 'if we had not entered the war', 1, '2016-09-03 17:36:21'),
(772, 94, 21, 'the French especially', 1, '2016-09-03 17:36:39'),
(773, 94, 21, 'they hated that they needed to be liberated', 1, '2016-09-03 17:36:55'),
(774, 21, 94, 'yes', 1, '2016-09-03 17:37:03'),
(775, 21, 94, 'i hate it about europeans!', 1, '2016-09-03 17:37:08'),
(776, 21, 94, 'pride is pride and this is stupid', 1, '2016-09-03 17:37:14'),
(777, 94, 21, 'it is their way', 1, '2016-09-03 17:37:17'),
(778, 21, 94, 'the main language in EU is English, but if you go to France, they will not talk this langiage', 1, '2016-09-03 17:37:29'),
(779, 94, 21, 'I expect some people will always hate the US for its success', 1, '2016-09-03 17:37:52'),
(780, 94, 21, 'we will always be the great devil', 1, '2016-09-03 17:38:12'),
(781, 94, 21, 'but yet in their hearts they wish they could come here', 1, '2016-09-03 17:38:40'),
(782, 21, 94, 'success? I don''t think they have success, to be honest', 1, '2016-09-03 17:39:00'),
(783, 94, 21, 'most people just want a chance to succeed', 1, '2016-09-03 17:39:14'),
(784, 94, 21, 'and it is still possible here', 1, '2016-09-03 17:39:27'),
(785, 21, 94, 'it is btter to live in Ukraine:) for me', 1, '2016-09-03 17:39:52'),
(786, 94, 21, 'only because it is more comfortable for you', 1, '2016-09-03 17:40:21'),
(787, 21, 94, 'yes, and I like English more than French', 1, '2016-09-03 17:40:39'),
(788, 94, 21, 'I mean would you like to earn what you are worth', 1, '2016-09-03 17:40:41'),
(789, 21, 94, 'it is not just about money', 1, '2016-09-03 17:40:55'),
(790, 21, 94, 'for me', 1, '2016-09-03 17:40:56'),
(791, 94, 21, 'most people here earned 70000 a year here', 1, '2016-09-03 17:41:06'),
(792, 94, 21, 'money is not that important', 1, '2016-09-03 17:41:18'),
(793, 94, 21, 'it can not buy love', 1, '2016-09-03 17:41:28'),
(794, 94, 21, 'at least for more than a night', 1, '2016-09-03 17:41:37'),
(795, 94, 21, 'I like this place we can chat for free', 1, '2016-09-03 17:41:53'),
(796, 21, 94, 'yes, if I want to earn good money, better go to to the USA', 1, '2016-09-03 17:41:59'),
(797, 21, 94, 'i like your country more', 1, '2016-09-03 17:42:03'),
(798, 94, 21, 'the Euro is in real trouble', 1, '2016-09-03 17:42:20'),
(799, 21, 94, 'free? I don''t think it is free', 1, '2016-09-03 17:42:33'),
(800, 21, 94, 'it says 30 cents per minuite', 1, '2016-09-03 17:42:47'),
(801, 94, 21, 'England has pulled out and it is only matter of time before it collapses', 1, '2016-09-03 17:43:04'),
(802, 94, 21, 'I have not been charged yet', 1, '2016-09-03 17:43:38'),
(803, 94, 21, 'only for the two letters I wrote to you', 1, '2016-09-03 17:43:52'),
(804, 94, 21, 'but not for chatting yesterday', 1, '2016-09-03 17:44:06'),
(805, 21, 94, 'yes, I agree. England had power', 1, '2016-09-03 17:44:17'),
(806, 94, 21, 'are today as of yet', 1, '2016-09-03 17:44:20'),
(807, 21, 94, 'maybe there are some delays. i am not sure. But lets be quite about that:)', 1, '2016-09-03 17:44:34'),
(808, 21, 94, 'lol', 1, '2016-09-03 17:44:35'),
(809, 94, 21, 'It was doomed from the start', 1, '2016-09-03 17:44:46'),
(810, 94, 21, 'you cannot prop up countries that only drain you', 1, '2016-09-03 17:45:12'),
(811, 94, 21, 'the EU had Eng, France, Germany and a couple of other countries that were supportive', 1, '2016-09-03 17:45:43'),
(812, 21, 94, 'and now they took many poor countries', 1, '2016-09-03 17:46:01'),
(813, 21, 94, 'like Romania', 1, '2016-09-03 17:46:03'),
(814, 94, 21, 'but now those country like Greece Romania Cyprus and others will collapse the EU', 1, '2016-09-03 17:46:34'),
(815, 21, 94, 'i agree', 1, '2016-09-03 17:46:50'),
(816, 21, 94, 'didn''t they understand it?', 1, '2016-09-03 17:46:58'),
(817, 94, 21, 'No they only thought of Utopia', 1, '2016-09-03 17:47:14'),
(818, 94, 21, 'Take 30 kids in a class room', 1, '2016-09-03 17:47:30'),
(819, 21, 94, 'we have 30 kids in class room', 1, '2016-09-03 17:47:53'),
(820, 94, 21, 'some make A''s most make C''s and some are failing', 1, '2016-09-03 17:47:55'),
(821, 21, 94, 'i think it is crazy', 1, '2016-09-03 17:47:57'),
(822, 94, 21, 'if you decide to get them all the same grade', 1, '2016-09-03 17:48:12'),
(823, 21, 94, 'it will be impossible', 1, '2016-09-03 17:48:35'),
(824, 94, 21, 'it is only matter of time before no one is making A''s anymore because why try', 1, '2016-09-03 17:48:37'),
(825, 94, 21, 'and even the kids that where making c''s will no longer try', 1, '2016-09-03 17:49:03'),
(826, 94, 21, 'the only kids that get any benefit are the ones that were failing', 1, '2016-09-03 17:49:26'),
(827, 94, 21, 'soon you have 30 kids all making D''s', 1, '2016-09-03 17:49:48'),
(828, 21, 94, 'are you psychologist?', 1, '2016-09-03 17:49:55'),
(829, 21, 94, ':)', 1, '2016-09-03 17:49:55'),
(830, 94, 21, 'it is simple we have tried this many times and always with the same result', 1, '2016-09-03 17:50:23'),
(831, 94, 21, 'Russia tried it', 1, '2016-09-03 17:50:40'),
(832, 94, 21, 'for years', 1, '2016-09-03 17:50:47'),
(833, 21, 94, 'you mean 30 kids classes?:)', 1, '2016-09-03 17:51:07'),
(834, 94, 21, 'I mean socialism', 1, '2016-09-03 17:51:19'),
(835, 94, 21, 'where everyone work for the good of the community', 1, '2016-09-03 17:51:41'),
(836, 94, 21, 'the few who would do the work better and make money are not allowed to', 1, '2016-09-03 17:52:07'),
(837, 94, 21, 'they are no different than the man who comes to work every drunk', 1, '2016-09-03 17:52:35'),
(838, 21, 94, 'yes. I think Russia still try hard', 1, '2016-09-03 17:52:43'),
(839, 94, 21, 'yes they tried and ultimately it failed', 1, '2016-09-03 17:53:05'),
(840, 21, 94, 'and they still does.... i think that there are zombies live in Russia', 1, '2016-09-03 17:53:23'),
(841, 94, 21, 'yes it will take many years to wear off', 1, '2016-09-03 17:53:41'),
(842, 94, 21, 'the mind set', 1, '2016-09-03 17:53:49'),
(843, 21, 94, 'yes! people will have to want it', 1, '2016-09-03 17:54:13'),
(844, 94, 21, 'where is Russia Bill Gates or Zuckleberg', 1, '2016-09-03 17:54:19'),
(845, 94, 21, 'people wit ideas that created billions of dollars for themselves', 1, '2016-09-03 17:54:53'),
(846, 94, 21, 'all with an idea', 1, '2016-09-03 17:55:21'),
(847, 21, 94, 'yes!!!! and when USA tried it?', 1, '2016-09-03 17:55:22'),
(848, 94, 21, 'when we first came to this country from England', 1, '2016-09-03 17:55:39'),
(849, 94, 21, 'The original colonies', 1, '2016-09-03 17:55:57'),
(850, 21, 94, 'did you have socialism?', 1, '2016-09-03 17:56:25'),
(851, 94, 21, 'decided that this was best idea for everyone to contribute to the whole', 1, '2016-09-03 17:56:27'),
(852, 94, 21, 'they thought they would have better chance at surviving', 1, '2016-09-03 17:56:47'),
(853, 21, 94, 'i am not very good at this period of your country:)', 1, '2016-09-03 17:57:19'),
(854, 94, 21, 'but after three years they saw this was not working everyone was living worse then they started]', 1, '2016-09-03 17:57:27'),
(855, 94, 21, 'because why work hard when you just have to give the fruits of your labor away', 1, '2016-09-03 17:57:59'),
(856, 94, 21, 'so they started the barter system', 1, '2016-09-03 17:58:14'),
(857, 21, 94, 'this is good that they figured this out fast!!!!', 1, '2016-09-03 17:58:29'),
(858, 94, 21, 'which is what our country is founded on', 1, '2016-09-03 17:58:32'),
(859, 94, 21, 'they were small community', 1, '2016-09-03 17:58:44'),
(860, 94, 21, 'several hundred people only', 1, '2016-09-03 17:59:07'),
(861, 94, 21, 'now you have the right to earn as much as possible', 1, '2016-09-03 17:59:38'),
(862, 94, 21, 'so if you have idea that people want', 1, '2016-09-03 17:59:58'),
(863, 94, 21, 'or your children have idea they can succeed', 1, '2016-09-03 18:00:15'),
(864, 21, 94, 'well, here there is another problem', 1, '2016-09-03 18:00:18'),
(865, 21, 94, 'they don''t give you opportunity to earn as much as you want', 1, '2016-09-03 18:00:29'),
(866, 94, 21, 'I know', 1, '2016-09-03 18:00:37'),
(867, 21, 94, 'so problem too;)', 1, '2016-09-03 18:01:05'),
(868, 94, 21, 'but it is starts out with the simplest people making more than normal', 1, '2016-09-03 18:01:25'),
(869, 94, 21, 'The oldest profession usably start this trend and it takes time for everyone else to catch them', 1, '2016-09-03 18:02:16'),
(870, 21, 94, 'yes! you are right', 1, '2016-09-03 18:02:25'),
(871, 21, 94, 'you are too smart to live in Ukraine;)', 1, '2016-09-03 18:03:17'),
(872, 94, 21, 'lol I am not ambitious enough for my own success', 1, '2016-09-03 18:04:42'),
(873, 94, 21, 'I make enough to support myself and that is good enough for me', 1, '2016-09-03 18:05:06'),
(874, 21, 94, 'this is the most important', 1, '2016-09-03 18:05:22'),
(875, 21, 94, 'and is it good if you have big family;)', 1, '2016-09-03 18:05:28'),
(876, 21, 94, '???', 1, '2016-09-03 18:05:29'),
(877, 94, 21, 'Then I will earn more', 1, '2016-09-03 18:05:39'),
(878, 21, 94, 'so it is not enough?', 1, '2016-09-03 18:06:01'),
(879, 94, 21, 'lol it is enough for most', 1, '2016-09-03 18:06:15'),
(880, 21, 94, 'so it means it will be enough for our family;)', 1, '2016-09-03 18:06:57'),
(881, 94, 21, 'so how much should I make in order to provide for you and child', 1, '2016-09-03 18:06:58'),
(882, 21, 94, 'i know in Ukraine. In the USA i don''t know', 1, '2016-09-03 18:07:16'),
(883, 94, 21, 'A lot of people make it in 30K a year', 1, '2016-09-03 18:07:21'),
(884, 21, 94, 'and you make 70???', 1, '2016-09-03 18:07:35'),
(885, 94, 21, 'with kids but they do not have much left over', 1, '2016-09-03 18:07:43'),
(886, 94, 21, 'I make about 60 K a year', 1, '2016-09-03 18:08:04'),
(887, 21, 94, 'well, i am sure we will be fine!', 1, '2016-09-03 18:08:05'),
(888, 21, 94, 'i think it is good. right?', 1, '2016-09-03 18:08:12'),
(889, 94, 21, 'not seventy that is what average family makes', 1, '2016-09-03 18:08:22'),
(890, 21, 94, 'is it without taxes???', 1, '2016-09-03 18:08:27'),
(891, 94, 21, 'before taxes', 1, '2016-09-03 18:08:36'),
(892, 21, 94, 'what about after?', 1, '2016-09-03 18:08:43'),
(893, 94, 21, 'when I get married my tax rate will change a lot', 1, '2016-09-03 18:09:02'),
(894, 21, 94, 'how??', 1, '2016-09-03 18:09:17'),
(895, 94, 21, 'right now I pay around 20%', 1, '2016-09-03 18:09:19'),
(896, 94, 21, 'when one get married his rate drops to about 9%', 1, '2016-09-03 18:09:40'),
(897, 94, 21, 'when you have child it drops some more', 1, '2016-09-03 18:09:55'),
(898, 94, 21, 'it we have three children I will pay nothing in taxes', 1, '2016-09-03 18:10:18'),
(899, 21, 94, 'that is not bad', 1, '2016-09-03 18:10:25'),
(900, 21, 94, 'do you pay taxes for yourself?', 1, '2016-09-03 18:10:31'),
(901, 94, 21, 'yes', 1, '2016-09-03 18:10:37'),
(902, 94, 21, 'they take it directy out of my paychecks', 1, '2016-09-03 18:10:50'),
(903, 21, 94, 'aaah so not you pay. your bank give it', 1, '2016-09-03 18:11:18'),
(904, 21, 94, 'right?', 1, '2016-09-03 18:11:19'),
(905, 94, 21, 'Any cash I might earn is taxfree because I do not tell the government about ti', 1, '2016-09-03 18:11:33'),
(906, 21, 94, 'but technically you have to do it?', 1, '2016-09-03 18:11:44'),
(907, 94, 21, 'not the bank but your employer', 1, '2016-09-03 18:11:52'),
(908, 94, 21, 'yes', 1, '2016-09-03 18:11:56'),
(909, 21, 94, 'here is the same.', 1, '2016-09-03 18:12:09'),
(910, 21, 94, 'i thought you have to make declaration or something like that', 1, '2016-09-03 18:12:25'),
(911, 94, 21, 'like I just received a check for 2500 and after they took out taxes the total was 1943.00', 1, '2016-09-03 18:12:54'),
(912, 21, 94, 'do you get payment 2 times per month?', 1, '2016-09-03 18:13:16'),
(913, 94, 21, 'so I had to pay in about 557 in taxes', 1, '2016-09-03 18:13:20'),
(914, 94, 21, 'yes', 1, '2016-09-03 18:13:27'),
(915, 21, 94, 'in Ukraine that could be a lot', 1, '2016-09-03 18:13:56'),
(916, 94, 21, 'I normally pay around 14K a year in taxes', 1, '2016-09-03 18:14:01'),
(917, 94, 21, 'and I take home about 46K a year', 1, '2016-09-03 18:14:24'),
(918, 21, 94, 'if you say it in Ukraine people will be shocked;)', 1, '2016-09-03 18:14:33'),
(919, 94, 21, 'and they give it all to people on welfare', 1, '2016-09-03 18:14:49'),
(920, 21, 94, 'who will you vote for by the way? :)', 1, '2016-09-03 18:15:18'),
(921, 94, 21, 'I have people who work for me that do not have any taxes taken out', 1, '2016-09-03 18:15:19'),
(922, 21, 94, 'because of they are poor?', 1, '2016-09-03 18:15:31'),
(923, 94, 21, 'Trump is the lessor of two evils', 1, '2016-09-03 18:15:39'),
(924, 94, 21, 'because of there familys', 1, '2016-09-03 18:15:54'),
(925, 21, 94, 'Will you vote for Clinton?', 1, '2016-09-03 18:16:19'),
(926, 94, 21, 'People on welfare here still have nice cars, TV and playstation', 1, '2016-09-03 18:16:42'),
(927, 94, 21, 'no she has told too many lies', 1, '2016-09-03 18:16:51'),
(928, 21, 94, 'what lies?', 1, '2016-09-03 18:17:07'),
(929, 94, 21, 'OMG really', 1, '2016-09-03 18:17:16'),
(930, 21, 94, 'really:)', 1, '2016-09-03 18:17:24'),
(931, 94, 21, 'Where to start with her', 1, '2016-09-03 18:17:39'),
(932, 21, 94, 'hahahaha;)', 1, '2016-09-03 18:17:48'),
(933, 21, 94, 'somewhere', 1, '2016-09-03 18:17:49'),
(934, 94, 21, 'Benghazi, was not about movie', 1, '2016-09-03 18:18:03'),
(935, 21, 94, 'what is Benghazi?', 1, '2016-09-03 18:18:17'),
(936, 94, 21, 'abd she lied to the American people', 1, '2016-09-03 18:18:21'),
(937, 94, 21, 'then the Arab Spring', 1, '2016-09-03 18:18:33'),
(938, 21, 94, 'well, i think all politicians are liars', 1, '2016-09-03 18:18:39'),
(939, 94, 21, 'You know she is lying when her lips move', 1, '2016-09-03 18:19:00'),
(940, 21, 94, 'can you wait for me for 30 mins? I have to make jogurt', 1, '2016-09-03 18:19:05'),
(941, 94, 21, 'OKay', 1, '2016-09-03 18:19:13'),
(942, 21, 94, 'and you can write me about her more. I don''t know anything;)', 1, '2016-09-03 18:19:21'),
(943, 94, 21, 'http://www.washingtontimes.com/news/2016/jun/19/hillary-clintons-long-list-of-lies/', 1, '2016-09-03 18:28:29'),
(944, 94, 21, 'that should give you idea of what I am speaking about and this is just the tip of the iceberg. I am not saying Trump is a saint because he is not. All I am saying is that by picking him he is the lessor of two evils. We have to make a bad choice and live with it', 1, '2016-09-03 18:30:23'),
(945, 21, 94, 'yes you have hard choise;)', 1, '2016-09-03 18:39:12'),
(946, 94, 21, 'I kow', 1, '2016-09-03 18:40:23'),
(947, 94, 21, 'but I will take a unknown over someone who lies about everything]', 1, '2016-09-03 18:40:47'),
(948, 21, 94, 'maybe! y', 1, '2016-09-03 18:41:17'),
(949, 21, 94, 'but i am afraid she will become president. I guess she has good rate', 1, '2016-09-03 18:41:29'),
(950, 94, 21, 'I do not think so no one really likes her', 1, '2016-09-03 18:42:13'),
(951, 94, 21, 'the media like any democrat', 1, '2016-09-03 18:42:27'),
(952, 94, 21, 'I do not think her base will turn out to vote for her', 1, '2016-09-03 18:43:20'),
(953, 21, 94, 'well we will see', 1, '2016-09-03 18:44:24'),
(954, 21, 94, 'you have elections in November', 1, '2016-09-03 18:44:29'),
(955, 21, 94, '???', 1, '2016-09-03 18:44:30'),
(956, 94, 21, 'yes I hate be here for it', 1, '2016-09-03 18:45:09'),
(957, 94, 21, 'but at least I will ave some time off before then', 1, '2016-09-03 18:45:26'),
(958, 21, 94, 'yes;) and then you will go to Odessa?:)', 1, '2016-09-03 18:45:48'),
(959, 94, 21, 'I have not yet spoken to my boss about when I can come to Odessa', 1, '2016-09-03 18:46:05'),
(960, 21, 94, 'and when do you plan? before elections or after?', 1, '2016-09-03 18:46:19'),
(961, 94, 21, 'Just know it will be in November', 1, '2016-09-03 18:46:34'),
(962, 94, 21, 'before, during or after I do not know yet', 1, '2016-09-03 18:46:49'),
(963, 21, 94, 'ok;) and why November? you planned it before I found you?', 1, '2016-09-03 18:47:03'),
(964, 94, 21, 'I had planned to take some time off in November because it is slowest month of the year for us', 1, '2016-09-03 18:47:48'),
(965, 94, 21, 'I was thinking of Tortuga', 1, '2016-09-03 18:48:08'),
(966, 94, 21, 'but I will come to you instead I think it will be more interesting', 1, '2016-09-03 18:48:29'),
(967, 21, 94, 'Tortuga?:))))))', 1, '2016-09-03 18:48:45'),
(968, 21, 94, 'what is it?', 1, '2016-09-03 18:48:47'),
(969, 94, 21, 'it is Island in Caribbean', 1, '2016-09-03 18:49:07'),
(970, 21, 94, 'i didn''t know', 1, '2016-09-03 18:49:15'),
(971, 21, 94, 'that''s why Pirate''s of Caribbean?:)', 1, '2016-09-03 18:49:25'),
(972, 94, 21, 'there are many islands and I have visited most of them', 1, '2016-09-03 18:49:35'),
(973, 94, 21, 'yes', 1, '2016-09-03 18:49:40'),
(974, 21, 94, 'will you take me one day?', 1, '2016-09-03 18:50:04'),
(975, 94, 21, 'of course when we are together here', 1, '2016-09-03 18:50:17'),
(976, 94, 21, 'but I think we should take care of that first', 1, '2016-09-03 18:50:41'),
(977, 94, 21, 'then we can travel together', 1, '2016-09-03 18:50:59'),
(978, 21, 94, 'yes I agree with you', 1, '2016-09-03 18:51:42'),
(979, 21, 94, 'well, dear. I have to sleep now. Can we talk tomorrow?', 1, '2016-09-03 18:51:49'),
(980, 94, 21, 'one step at a time', 1, '2016-09-03 18:51:54'),
(981, 94, 21, 'Tomorrow I will not be here', 1, '2016-09-03 18:52:05'),
(982, 94, 21, 'I will be at my family''s', 1, '2016-09-03 18:52:14'),
(983, 21, 94, 'and when?', 1, '2016-09-03 18:52:15'),
(984, 94, 21, 'Maybe monday', 1, '2016-09-03 18:52:24'),
(985, 21, 94, 'ok dear. Will wait for you on Monday', 1, '2016-09-03 18:52:34'),
(986, 94, 21, 'bye for now', 1, '2016-09-03 18:52:36'),
(987, 94, 21, '<img src="http://ukrbride4u.com/img/sm/ls/smile91.png" />', 1, '2016-09-03 18:52:44'),
(988, 21, 94, 'love you', 1, '2016-09-03 18:52:59'),
(989, 21, 94, '<img src="http://ukrbride4u.com/img/sm/ls/smile126.png" />', 1, '2016-09-03 18:53:03'),
(990, 19, 89, 'test', 0, '2016-09-05 06:23:19'),
(991, 53, 54, 'test1', 1, '2016-09-05 06:33:17'),
(992, 53, 54, 'test2', 1, '2016-09-05 06:33:21'),
(993, 53, 54, 'test3', 1, '2016-09-05 06:38:42'),
(994, 19, 89, 'test2', 0, '2016-09-05 06:48:31'),
(995, 19, 89, 'test3', 0, '2016-09-05 06:54:28'),
(996, 19, 89, 'test4', 0, '2016-09-05 06:57:41'),
(997, 19, 89, 'test5', 0, '2016-09-05 07:10:51'),
(998, 54, 102, 'write me when you can;)', 1, '2016-09-05 20:06:06'),
(999, 54, 102, 'you can chat with me and noone will disturb you;)', 1, '2016-09-05 20:10:41'),
(1000, 102, 54, 'hello my love', 1, '2016-09-05 20:11:19'),
(1001, 54, 102, 'hello baby', 1, '2016-09-05 20:11:25'),
(1002, 54, 102, 'you can''t imagine how happy I am to see you', 1, '2016-09-05 20:11:31'),
(1003, 54, 102, '<img src="http://ukrbride4u.com/img/sm/ls/smile126.png" />', 1, '2016-09-05 20:11:35'),
(1004, 102, 54, 'Kseniya, I think of you all the time. I need you here more than you know.', 1, '2016-09-05 20:11:58'),
(1005, 54, 102, 'really?', 1, '2016-09-05 20:12:16'),
(1006, 102, 54, 'this site does not tell me how much it cost to chat or send letters. no where does it say this?', 1, '2016-09-05 20:12:19'),
(1007, 54, 102, 'i thought you found someone else', 1, '2016-09-05 20:12:22'),
(1008, 54, 102, 'I saw it in News', 1, '2016-09-05 20:12:31'),
(1009, 102, 54, 'YES REALLY. I may have found someone dear. BUT I ALWAYS THINK OF YOU', 1, '2016-09-05 20:12:45'),
(1010, 54, 102, 'chat is 30 cents per minuite. But now it is free I guess.', 1, '2016-09-05 20:12:45'),
(1011, 54, 102, 'and letter is 2 dollars per letter', 1, '2016-09-05 20:12:50'),
(1012, 54, 102, 'I ALWAYS THINK ABOUT YOU TOO', 1, '2016-09-05 20:13:04'),
(1013, 102, 54, 'why do you think I have not come to Ukraine? I want you', 1, '2016-09-05 20:13:06'),
(1014, 54, 102, 'i am so happy you are still available!', 1, '2016-09-05 20:13:15'),
(1015, 54, 102, 'really??? but did you have plans to come here?', 1, '2016-09-05 20:13:23'),
(1016, 102, 54, 'dasha not tell you I was in hospital ? that I had cancer scare? I was alone and worried I would die alone', 1, '2016-09-05 20:13:56'),
(1017, 102, 54, 'i have plan yes but for you', 1, '2016-09-05 20:14:03'),
(1018, 54, 102, 'REALYY', 1, '2016-09-05 20:14:23'),
(1019, 54, 102, '????', 1, '2016-09-05 20:14:24'),
(1020, 102, 54, 'i sent you letter dear', 1, '2016-09-05 20:14:26'),
(1021, 54, 102, 'i didn''t know anything!!!!!!!!!!!!!', 1, '2016-09-05 20:14:30'),
(1022, 54, 102, 'what about cancer?', 1, '2016-09-05 20:14:36'),
(1023, 102, 54, 'yes back in april i was in hospital. was bleeding bad in my kidneys and they found a grwoth', 1, '2016-09-05 20:14:55'),
(1024, 102, 54, 'it was a cyst and it hurt and they were worried it was cancerous', 1, '2016-09-05 20:15:13'),
(1025, 54, 102, 'oh dear... I am so sorry!', 1, '2016-09-05 20:15:23'),
(1026, 54, 102, 'but in the end everything was ok?', 1, '2016-09-05 20:15:28'),
(1027, 102, 54, 'so far yes, i still have to go back for periodic xray and mri to make sure it not growing', 1, '2016-09-05 20:15:51'),
(1028, 102, 54, 'do you still have same phone number', 1, '2016-09-05 20:16:03'),
(1029, 54, 102, 'oh honey!!! I am so sorry!', 1, '2016-09-05 20:16:38'),
(1030, 54, 102, 'do you smoke?', 1, '2016-09-05 20:16:40'),
(1031, 54, 102, 'which telephone number do you have?', 1, '2016-09-05 20:16:55'),
(1032, 102, 54, 'you know i do. i have much stress, father dying, growing my business, etc', 1, '2016-09-05 20:17:05'),
(1033, 102, 54, '0113809361830', 1, '2016-09-05 20:17:35'),
(1034, 54, 102, 'no. I have another one!', 1, '2016-09-05 20:17:45'),
(1035, 54, 102, 'i will give you', 1, '2016-09-05 20:17:50'),
(1036, 102, 54, 'give it to me', 1, '2016-09-05 20:17:53'),
(1037, 54, 102, 'Stop smoking if you are afraid of cancer honey', 1, '2016-09-05 20:18:03'),
(1038, 54, 102, 'wait please;)', 1, '2016-09-05 20:18:05'),
(1039, 54, 102, 'i will write you it in letter. ok? I don''t remember it', 1, '2016-09-05 20:18:27'),
(1040, 102, 54, 'i want to hear your voice today', 1, '2016-09-05 20:18:42'),
(1041, 102, 54, 'and send me very sexy picture LOL', 1, '2016-09-05 20:18:47'),
(1042, 102, 54, 'the smoking has nothing to do with my kidneys dear LOL', 1, '2016-09-05 20:19:34'),
(1043, 54, 102, 'it is;)', 1, '2016-09-05 20:20:01'),
(1044, 54, 102, 'kidneys work with toxicity from your ogranism', 1, '2016-09-05 20:20:16'),
(1045, 54, 102, 'what about tomorrow? I just can''t find the number right now. Searching.', 1, '2016-09-05 20:20:34'),
(1046, 102, 54, 'it is not on your phone ?', 1, '2016-09-05 20:20:59'),
(1047, 54, 102, 'i lost that one:(', 1, '2016-09-05 20:21:19'),
(1048, 54, 102, 'that''s why Daria was talking with you', 1, '2016-09-05 20:21:26'),
(1049, 102, 54, 'i thought you wanted me to talk with her to be her man. it hurt my feelings', 1, '2016-09-05 20:21:43'),
(1050, 54, 102, 'because I felt that i can''t give you what you want', 1, '2016-09-05 20:22:10'),
(1051, 54, 102, 'and deserve', 1, '2016-09-05 20:22:13'),
(1052, 102, 54, 'what do you think i want?', 1, '2016-09-05 20:22:22'),
(1053, 54, 102, 'i think now you want t wife', 1, '2016-09-05 20:22:49'),
(1054, 102, 54, 'what do you want ?', 1, '2016-09-05 20:25:31'),
(1055, 54, 102, 'and your wife must be red;)', 1, '2016-09-05 20:25:32'),
(1056, 54, 102, 'of course i want the same', 1, '2016-09-05 20:25:44'),
(1057, 54, 102, 'i want husband', 1, '2016-09-05 20:25:48'),
(1058, 102, 54, 'then dear, marry me, do nto lie to me anymore EVER', 1, '2016-09-05 20:26:07'),
(1059, 54, 102, 'Never', 1, '2016-09-05 20:26:22'),
(1060, 54, 102, 'i will not', 1, '2016-09-05 20:26:24'),
(1061, 54, 102, 'and Yes I agree', 1, '2016-09-05 20:26:27'),
(1062, 102, 54, 'and i still want threesome', 1, '2016-09-05 20:26:37'),
(1063, 94, 54, 'hello sweetheart,', 1, '2016-09-05 20:26:44'),
(1064, 102, 54, 'sorry it is fantasy i want', 1, '2016-09-05 20:26:51'),
(1065, 54, 94, 'Hello;)', 1, '2016-09-05 20:27:15'),
(1066, 54, 102, 'hahahaha:)', 1, '2016-09-05 20:27:24'),
(1067, 54, 102, 'i remember that!', 1, '2016-09-05 20:27:25'),
(1068, 94, 54, 'how are you doing?', 1, '2016-09-05 20:28:00'),
(1069, 102, 54, 'but now you are not friends with the girl who said she would do this', 1, '2016-09-05 20:28:01'),
(1070, 54, 94, 'how are you?', 1, '2016-09-05 20:28:01'),
(1071, 54, 94, 'I am fine;) what about you?', 1, '2016-09-05 20:28:09'),
(1072, 94, 54, 'good', 1, '2016-09-05 20:28:20'),
(1073, 54, 102, 'i lost her contacts', 1, '2016-09-05 20:28:21'),
(1074, 54, 102, 'but this is not a problem!', 1, '2016-09-05 20:28:24'),
(1075, 54, 94, 'Would you like to know me better? ;)', 1, '2016-09-05 20:28:40'),
(1076, 94, 54, 'so tell me what do you like doing?', 1, '2016-09-05 20:28:45'),
(1077, 102, 54, 'you can find another?', 1, '2016-09-05 20:28:46'),
(1078, 94, 54, 'of course I would love to know you better', 1, '2016-09-05 20:28:59'),
(1079, 54, 94, 'I like fitness and cooking;)', 1, '2016-09-05 20:29:07'),
(1080, 54, 94, 'what about you?', 1, '2016-09-05 20:29:10'),
(1081, 54, 102, 'of course', 1, '2016-09-05 20:29:30'),
(1082, 54, 102, 'do you think it is problem?:)', 1, '2016-09-05 20:29:35'),
(1083, 102, 54, 'yes i think it would be.', 1, '2016-09-05 20:29:48'),
(1084, 94, 54, 'I like fishing and other things', 1, '2016-09-05 20:29:50'),
(1085, 54, 94, 'fishing i like also!', 1, '2016-09-05 20:30:00'),
(1086, 102, 54, 'you will not mind licking her flower or fingering it while i am inside of you?', 1, '2016-09-05 20:30:05'),
(1087, 54, 94, 'before my dad took me often', 1, '2016-09-05 20:30:06'),
(1088, 54, 102, 'while you are watching? ;)', 1, '2016-09-05 20:30:18'),
(1089, 102, 54, 'i will be behind you doggy style dear making a baby', 1, '2016-09-05 20:30:38'),
(1090, 102, 54, 'and yes i want to see you 69 with her. i am bad man am i not ?', 1, '2016-09-05 20:30:50'),
(1091, 54, 102, 'you have nice fantasies', 1, '2016-09-05 20:30:55'),
(1092, 54, 102, 'quite sexy', 1, '2016-09-05 20:30:58'),
(1093, 102, 54, 'have you done this ?', 1, '2016-09-05 20:31:03'),
(1094, 54, 102, 'NO:)', 1, '2016-09-05 20:31:04'),
(1095, 54, 102, 'never', 1, '2016-09-05 20:31:06'),
(1096, 54, 94, 'do you often go?', 1, '2016-09-05 20:31:20'),
(1097, 54, 102, 'but would like to try', 1, '2016-09-05 20:31:54'),
(1098, 102, 54, 'then find the girl dear. i want to come inside of you and see her lick it all out of you flower and you do the same to her when i come inside of her', 1, '2016-09-05 20:32:31'),
(1099, 54, 102, 'i think that first i must come', 1, '2016-09-05 20:32:44'),
(1100, 54, 102, 'right?', 1, '2016-09-05 20:32:45'),
(1101, 102, 54, 'come? to USA ? you can not find girl there?', 1, '2016-09-05 20:33:16'),
(1102, 54, 94, 'are you here? ;)', 1, '2016-09-05 20:33:26'),
(1103, 102, 54, 'you will not find girl in USA who will join us. i would bet money on it', 1, '2016-09-05 20:33:34'),
(1104, 54, 102, 'do you want to come to Ukraine?', 1, '2016-09-05 20:33:38'),
(1105, 54, 102, 'i didn''t understand that!:)', 1, '2016-09-05 20:33:43'),
(1106, 102, 54, 'YES i want to come', 1, '2016-09-05 20:33:46'),
(1107, 94, 54, 'sometimes when I get a chacne', 1, '2016-09-05 20:33:46'),
(1108, 54, 102, 'it can be Ukrainian girl;)', 1, '2016-09-05 20:33:56'),
(1109, 102, 54, 'do you have apartment?', 1, '2016-09-05 20:34:02'),
(1110, 54, 94, 'and when do you get a chance normally?', 1, '2016-09-05 20:34:10'),
(1111, 94, 54, 'You dad is he gone?', 1, '2016-09-05 20:34:14'),
(1112, 54, 94, 'no. But we live in different cities', 1, '2016-09-05 20:34:45'),
(1113, 54, 94, 'and meet once in a year:(', 1, '2016-09-05 20:34:50'),
(1114, 54, 102, 'i live with my friend...', 1, '2016-09-05 20:35:02'),
(1115, 94, 54, 'good you should visit him more', 1, '2016-09-05 20:35:06'),
(1116, 54, 102, 'i want to have my appartments. But i have no money', 1, '2016-09-05 20:35:09'),
(1117, 102, 54, 'is it a male friend ? dear please email me sexy naked picture of. i wish to see your sexy body and flower', 1, '2016-09-05 20:35:24'),
(1118, 54, 94, 'i know!!! I agree. But we always had difficult relationships with him', 1, '2016-09-05 20:35:28'),
(1119, 54, 94, 'i have 3 more brothers.', 1, '2016-09-05 20:35:34'),
(1120, 54, 94, 'i guess he was too tired for having me', 1, '2016-09-05 20:35:41'),
(1121, 54, 102, 'GIRL of course', 1, '2016-09-05 20:35:53'),
(1122, 54, 102, 'i will ask her tomorrow to make sexy pic of me;)', 1, '2016-09-05 20:36:01'),
(1123, 94, 54, 'My father passed about 1 1/2 weeks ago I iss him', 1, '2016-09-05 20:36:05'),
(1124, 102, 54, 'so she can join us.', 1, '2016-09-05 20:36:10'),
(1125, 54, 94, 'Oh dear...', 1, '2016-09-05 20:36:31'),
(1126, 54, 94, 'i am so sorry!', 1, '2016-09-05 20:36:33'),
(1127, 54, 94, 'how old was he?', 1, '2016-09-05 20:36:42'),
(1128, 54, 102, 'i will ask;)', 1, '2016-09-05 20:36:53'),
(1129, 94, 54, '76 it was his time', 1, '2016-09-05 20:37:04'),
(1130, 54, 94, 'but this is not so old for America', 1, '2016-09-05 20:37:20'),
(1131, 94, 54, 'but I still will miss him', 1, '2016-09-05 20:37:22'),
(1132, 102, 54, 'so when i come i will get hotel room at the royal street hotel on deribasovskaya street', 1, '2016-09-05 20:37:43'),
(1133, 54, 94, 'you will always miss him', 1, '2016-09-05 20:37:51'),
(1134, 54, 94, 'i am sure', 1, '2016-09-05 20:37:54'),
(1135, 94, 54, 'so do you live alone', 1, '2016-09-05 20:38:09'),
(1136, 54, 102, 'i hope it is not so expensive', 1, '2016-09-05 20:38:19'),
(1137, 54, 102, 'and when do you plan to come?', 1, '2016-09-05 20:38:22'),
(1138, 54, 94, 'i miss with neighbour. One girl from my work.', 1, '2016-09-05 20:38:50'),
(1139, 54, 94, 'but i wish i could live alone', 1, '2016-09-05 20:38:56'),
(1140, 54, 94, 'lol', 1, '2016-09-05 20:38:57'),
(1141, 102, 54, 'i was going to come to Odessa and find you back in may but went into hospital in april and it killed my bank account. i did not work for over a month. i am just now getting back on my feet', 1, '2016-09-05 20:39:13'),
(1142, 94, 54, 'I understand', 1, '2016-09-05 20:39:26'),
(1143, 54, 102, 'i understand', 1, '2016-09-05 20:39:37'),
(1144, 54, 102, 'so?', 1, '2016-09-05 20:39:39'),
(1145, 54, 94, 'and what about you? ;)', 1, '2016-09-05 20:39:48'),
(1146, 102, 54, 'so what dear ?', 1, '2016-09-05 20:39:50'),
(1147, 54, 102, 'i mean so now when do you plan?', 1, '2016-09-05 20:40:17'),
(1148, 94, 54, 'I live alone', 1, '2016-09-05 20:40:31'),
(1149, 94, 54, 'but want someone to want me', 1, '2016-09-05 20:40:37'),
(1150, 102, 54, 'as soon as i can', 1, '2016-09-05 20:40:45'),
(1151, 54, 102, 'ok dear!!!', 1, '2016-09-05 20:40:51'),
(1152, 54, 102, 'I understand you', 1, '2016-09-05 20:40:54'),
(1153, 102, 54, 'how is this agency going to help you with visa', 1, '2016-09-05 20:40:56'),
(1154, 54, 102, 'i wish i could help', 1, '2016-09-05 20:40:56'),
(1155, 54, 94, 'and why are you alone?', 1, '2016-09-05 20:41:11'),
(1156, 102, 54, 'let me hear your voice. that will help my spirits', 1, '2016-09-05 20:41:14'),
(1157, 54, 94, 'and why do you try to find someone abroad?', 1, '2016-09-05 20:41:19'),
(1158, 102, 54, 'i miss our phone calls and Skype talks', 1, '2016-09-05 20:41:22'),
(1159, 102, 54, 'i still have the same Skype address dear', 1, '2016-09-05 20:41:36'),
(1160, 54, 102, 'of course dear. We will talk on the phone tomorrow', 1, '2016-09-05 20:41:36'),
(1161, 54, 102, 'ok?', 1, '2016-09-05 20:41:38'),
(1162, 102, 54, 'ok', 1, '2016-09-05 20:41:44'),
(1163, 54, 102, 'i don''t have skype?', 1, '2016-09-05 20:41:50'),
(1164, 102, 54, 'so how is this agency going to help you dear ?', 1, '2016-09-05 20:42:07'),
(1165, 54, 102, 'they make visa!', 1, '2016-09-05 20:42:31'),
(1166, 54, 102, 'they pay', 1, '2016-09-05 20:42:34'),
(1167, 54, 102, 'i mean they help for free', 1, '2016-09-05 20:42:41'),
(1168, 94, 54, 'lol because I cannot find what I am looking for here', 1, '2016-09-05 20:42:56'),
(1169, 102, 54, 'so then dear, apply for visa', 1, '2016-09-05 20:42:58'),
(1170, 102, 54, 'they have my address and phone number already', 1, '2016-09-05 20:43:13'),
(1171, 94, 54, 'someone who respects that I am the man of the house', 1, '2016-09-05 20:43:15'),
(1172, 54, 94, 'don''t you have women? :)', 1, '2016-09-05 20:43:26'),
(1173, 54, 94, 'lol', 1, '2016-09-05 20:43:27'),
(1174, 94, 54, 'someone who knows that they will always have someone to protect them', 1, '2016-09-05 20:43:40'),
(1175, 54, 102, 'yes', 1, '2016-09-05 20:43:40'),
(1176, 54, 102, 'i am gonna talk to them tomorrow', 1, '2016-09-05 20:43:45'),
(1177, 94, 54, 'they have all become feminist', 1, '2016-09-05 20:43:59'),
(1178, 102, 54, 'their website does not tell me anything about them dear', 1, '2016-09-05 20:44:06'),
(1179, 54, 94, 'wow!!!! that is sad', 1, '2016-09-05 20:44:08'),
(1180, 54, 94, 'i hate faminists', 1, '2016-09-05 20:44:12'),
(1181, 54, 94, 'to be honest', 1, '2016-09-05 20:44:14'),
(1182, 54, 102, 'look at news', 1, '2016-09-05 20:44:29'),
(1183, 54, 102, 'or also i read &quot;About us&quot;', 1, '2016-09-05 20:44:34'),
(1184, 54, 102, 'they have a lot.', 1, '2016-09-05 20:44:38'),
(1185, 54, 102, 'on presentation they also told that this agency is from Texas', 1, '2016-09-05 20:44:53'),
(1186, 102, 54, 'i do not see anything that says about us on my laptop', 1, '2016-09-05 20:45:22'),
(1187, 94, 54, 'I want a women who looks at her man like a wall that she can stand behind for support and rotection', 1, '2016-09-05 20:45:36'),
(1188, 102, 54, 'and they have a European phone number at the bottom of the page', 1, '2016-09-05 20:45:50'),
(1189, 54, 102, 'aaaah you have to log out. It is on the main page.. Where there is a form for registation', 1, '2016-09-05 20:45:54'),
(1190, 54, 102, 'because this is phone number of girl who coordinates it here. In Ukraine.', 1, '2016-09-05 20:46:14'),
(1191, 54, 94, 'this is what i am looking for', 1, '2016-09-05 20:46:35'),
(1192, 54, 94, 'and I think that men here are changed also', 1, '2016-09-05 20:46:40'),
(1193, 102, 54, 'lol maybe she join us in bed LOL', 1, '2016-09-05 20:46:47'),
(1194, 54, 94, 'men here want women decide all', 1, '2016-09-05 20:46:51'),
(1195, 94, 54, 'yes but I am much older than you', 1, '2016-09-05 20:46:58'),
(1196, 54, 102, 'hahaha. I don''t think so:)', 1, '2016-09-05 20:47:04'),
(1197, 54, 94, 'well, i was looking for men who is older', 1, '2016-09-05 20:47:23'),
(1198, 102, 54, '048 kiev ?', 1, '2016-09-05 20:47:31'),
(1199, 54, 102, 'Odessa', 1, '2016-09-05 20:48:04'),
(1200, 94, 54, 'why', 1, '2016-09-05 20:48:07'),
(1201, 102, 54, 'i try to do search to see what girls are on here and no one shows up dear', 1, '2016-09-05 20:48:17'),
(1202, 54, 94, 'because younger men think about themselves more', 1, '2016-09-05 20:48:19'),
(1203, 54, 94, 'all they want is sex', 1, '2016-09-05 20:48:22'),
(1204, 54, 94, 'i think it is international thing. Not just in Ukraine', 1, '2016-09-05 20:48:31'),
(1205, 94, 54, 'yes sex was all I wanted when I was in my twenties', 1, '2016-09-05 20:48:52'),
(1206, 54, 102, 'push &quot;Search&quot;', 1, '2016-09-05 20:48:59'),
(1207, 94, 54, 'I still want but it is not the most important', 1, '2016-09-05 20:49:05'),
(1208, 54, 102, 'you will see girls if you need someone besides me;)', 1, '2016-09-05 20:49:10'),
(1209, 54, 94, 'and here even when men become older nothing changes', 1, '2016-09-05 20:49:37'),
(1210, 54, 94, 'lol', 1, '2016-09-05 20:49:38'),
(1211, 102, 54, 'NO i only want you', 1, '2016-09-05 20:49:40'),
(1212, 102, 54, 'but even yourprofile did not come up', 1, '2016-09-05 20:49:50'),
(1213, 54, 102, 'if you need the list of the girls you can find them in Search', 1, '2016-09-05 20:49:56'),
(1214, 54, 102, 'Search Ladies i guess. because i have the same &quot;Search men&quot;', 1, '2016-09-05 20:50:14'),
(1215, 102, 54, 'and are there many men ? maybe some one richer than i ?', 1, '2016-09-05 20:51:07'),
(1216, 54, 102, 'i dont know:) LOL', 1, '2016-09-05 20:51:29'),
(1217, 54, 102, 'there are 10-15 men.', 1, '2016-09-05 20:51:36'),
(1218, 54, 102, 'i think this site is too new', 1, '2016-09-05 20:51:39'),
(1219, 102, 54, '<img src="http://ukrbride4u.com/img/sm/ls/smile151.png" /> so maybe next month you find better man', 1, '2016-09-05 20:54:06'),
(1220, 54, 102, 'what for?', 1, '2016-09-05 20:54:12'),
(1221, 54, 94, 'are you still here?', 1, '2016-09-05 20:54:25'),
(1222, 102, 54, 'i still love you and even i know you can do better than me', 1, '2016-09-05 20:57:08'),
(1223, 54, 102, 'better than what?', 1, '2016-09-05 20:57:38'),
(1224, 102, 54, 'i am not young, i am not skinny i am not rich', 1, '2016-09-05 21:00:40'),
(1225, 54, 102, 'you are nice man!', 1, '2016-09-05 21:00:52'),
(1226, 54, 102, 'but pessimistic', 1, '2016-09-05 21:01:00'),
(1227, 54, 102, 'i will fix that!', 1, '2016-09-05 21:01:02'),
(1228, 102, 54, 'how?', 1, '2016-09-05 21:01:21'),
(1229, 54, 102, 'i will come and change you;)', 1, '2016-09-05 21:01:36'),
(1230, 102, 54, 'how? and promise ?', 1, '2016-09-05 21:03:10'),
(1231, 54, 102, 'it will not be just promise', 1, '2016-09-05 21:03:23'),
(1232, 102, 54, 'to swear to God you will be faithful. loving and caring, a nympmaniac ?', 1, '2016-09-05 21:03:30'),
(1233, 54, 102, 'i will do it by having sex with you every day!', 1, '2016-09-05 21:03:34'),
(1234, 54, 102, 'Yes!', 1, '2016-09-05 21:03:38'),
(1235, 102, 54, 'so if you flirt with other man, i can send you back to Odessa ?', 1, '2016-09-05 21:03:59'),
(1236, 102, 54, 'LOL', 1, '2016-09-05 21:04:01'),
(1237, 94, 54, 'sorry I was distracted', 1, '2016-09-05 21:04:06'),
(1238, 54, 102, 'hahahahahaha', 1, '2016-09-05 21:04:23'),
(1239, 54, 102, 'am i suit case?', 1, '2016-09-05 21:04:29'),
(1240, 54, 94, 'i understand;)', 1, '2016-09-05 21:04:40'),
(1241, 102, 54, 'NO i will put you on plane', 1, '2016-09-05 21:04:44'),
(1242, 94, 54, 'was watching movie and now it is over', 1, '2016-09-05 21:04:45'),
(1243, 94, 54, 'I sorry', 1, '2016-09-05 21:04:49'),
(1244, 102, 54, 'are you still going to slap me for thinking you left me back when we talk an Anastasia ?', 1, '2016-09-05 21:05:07'),
(1245, 54, 94, 'which movie?', 1, '2016-09-05 21:05:15'),
(1246, 94, 54, 'and so why should I pick you over other women', 1, '2016-09-05 21:05:18'),
(1247, 54, 94, 'hm....  i don''t know;) I am sexy, funny and ready to move from Ukraine', 1, '2016-09-05 21:05:46'),
(1248, 54, 94, 'not many women can do that!', 1, '2016-09-05 21:05:51'),
(1249, 94, 54, 'movie called Love and honor', 1, '2016-09-05 21:05:58'),
(1250, 54, 102, 'no no', 1, '2016-09-05 21:06:09'),
(1251, 102, 54, 'where are you now ??', 1, '2016-09-05 21:06:15'),
(1252, 54, 102, 'i want you to think about present and future', 1, '2016-09-05 21:06:16'),
(1253, 94, 54, 'Is red hair natural color', 1, '2016-09-05 21:06:16'),
(1254, 54, 102, 'that everything is great!', 1, '2016-09-05 21:06:26'),
(1255, 54, 102, 'I am in Odessa baby', 1, '2016-09-05 21:06:31'),
(1256, 94, 54, 'And by name do you prefer', 1, '2016-09-05 21:06:31'),
(1257, 102, 54, 'prove to me it is great', 1, '2016-09-05 21:06:37'),
(1258, 102, 54, 'you are at home ?', 1, '2016-09-05 21:06:42'),
(1259, 54, 94, 'i know this movie;)', 1, '2016-09-05 21:06:54'),
(1260, 54, 94, 'nice', 1, '2016-09-05 21:06:55'),
(1261, 54, 94, 'well i have red hair naturally, but not so bright', 1, '2016-09-05 21:07:06'),
(1262, 54, 102, 'yes', 1, '2016-09-05 21:07:12'),
(1263, 54, 102, 'and what?', 1, '2016-09-05 21:07:14'),
(1264, 102, 54, 'there is something i have been needing to hear from you for a long time dear', 1, '2016-09-05 21:07:37'),
(1265, 54, 102, 'are you happy now? ;)', 1, '2016-09-05 21:07:54'),
(1266, 94, 54, 'I like red hair', 1, '2016-09-05 21:08:10'),
(1267, 102, 54, 'now we are talking again yes', 1, '2016-09-05 21:08:13'),
(1268, 54, 94, 'thank you;)', 1, '2016-09-05 21:08:25'),
(1269, 94, 54, 'Is there another name that you prefer to be called', 1, '2016-09-05 21:08:27'),
(1270, 102, 54, 'but how do you feel ? and please dear be honest', 1, '2016-09-05 21:08:28'),
(1271, 54, 94, 'me too!', 1, '2016-09-05 21:08:28'),
(1272, 54, 94, 'as you see', 1, '2016-09-05 21:08:29'),
(1273, 94, 54, 'yes I can see', 1, '2016-09-05 21:08:37'),
(1274, 54, 94, 'Friends call me Ksusha', 1, '2016-09-05 21:08:38'),
(1275, 54, 102, 'i feel good. Like i live again', 1, '2016-09-05 21:08:53'),
(1276, 94, 54, 'Hmm I am not sure how to pronouce''', 1, '2016-09-05 21:08:55'),
(1277, 102, 54, 'and what does your heart say ?', 1, '2016-09-05 21:09:25'),
(1278, 94, 54, 'I do not think the K sound is correct that we make here', 1, '2016-09-05 21:09:25'),
(1279, 54, 94, 'K it sounds the same', 1, '2016-09-05 21:09:35'),
(1280, 54, 102, 'it says that i love you', 1, '2016-09-05 21:09:43'),
(1281, 94, 54, 'hmmm this is good', 1, '2016-09-05 21:09:55'),
(1282, 102, 54, 'and what do you say ?', 1, '2016-09-05 21:09:57'),
(1283, 54, 94, 'well, dear I have to sleep', 1, '2016-09-05 21:10:08'),
(1284, 54, 94, 'if you don''t mind i will write you letter tomorrow;)', 1, '2016-09-05 21:10:16'),
(1285, 94, 54, 'can I join', 1, '2016-09-05 21:10:17'),
(1286, 54, 102, 'i say the same', 1, '2016-09-05 21:10:26'),
(1287, 54, 102, 'honey i have to sleep now.', 1, '2016-09-05 21:10:30'),
(1288, 54, 102, 'can we continue tomorrow', 1, '2016-09-05 21:10:34'),
(1289, 54, 102, '???', 1, '2016-09-05 21:10:36'),
(1290, 94, 54, 'I am sure we would have some fun', 1, '2016-09-05 21:10:39'),
(1291, 102, 54, 'ok dear. i will look here hwne i have time but remember iwork and this is the best time for me be here', 1, '2016-09-05 21:10:55'),
(1292, 94, 54, 'good night anyway', 1, '2016-09-05 21:11:01'),
(1293, 54, 102, 'i will be here this time', 1, '2016-09-05 21:11:16'),
(1294, 54, 102, 'i love you', 1, '2016-09-05 21:11:18'),
(1295, 54, 102, '<img src="http://ukrbride4u.com/img/sm/ls/smile126.png" />', 1, '2016-09-05 21:11:22'),
(1296, 102, 54, 'i love you more and have never stopped', 1, '2016-09-05 21:11:30'),
(1297, 54, 94, 'join please;)', 1, '2016-09-05 21:11:34'),
(1298, 102, 54, 'there is something about you', 1, '2016-09-05 21:11:37'),
(1299, 102, 54, 'sleep well', 1, '2016-09-05 21:11:43'),
(1300, 54, 94, 'good night;) It was so nice to know you better', 1, '2016-09-05 21:11:45'),
(1301, 54, 94, 'i hope i will be able to know you better more', 1, '2016-09-05 21:11:50'),
(1302, 94, 54, 'I would love to join you but we would not sleep', 1, '2016-09-05 21:12:00'),
(1303, 54, 102, 'sleep well too!', 1, '2016-09-05 21:12:06'),
(1304, 94, 54, 'bye bye  <img src="http://ukrbride4u.com/img/sm/ls/smile130.png" />', 1, '2016-09-05 21:12:20'),
(1305, 54, 94, 'hahaha:) well if we sleep few hours before waking up it will not bad also', 1, '2016-09-05 21:12:27'),
(1306, 54, 94, 'good night', 1, '2016-09-05 21:12:31'),
(1307, 19, 49, 'test1', 1, '2016-09-06 04:42:53'),
(1308, 49, 19, 'ewf', 1, '2016-09-06 04:47:20'),
(1309, 49, 19, 'dfdf', 1, '2016-09-06 04:47:23'),
(1310, 53, 54, '1', 1, '2016-09-06 05:55:39'),
(1311, 53, 54, '2', 1, '2016-09-06 05:55:40'),
(1312, 53, 54, '3', 1, '2016-09-06 05:55:40'),
(1313, 19, 49, '1', 0, '2016-09-06 06:01:47'),
(1314, 19, 49, 'ghj', 0, '2016-09-06 07:00:12'),
(1315, 54, 102, 'Hello love;)', 1, '2016-09-07 19:20:49'),
(1316, 70, 102, 'Hello!', 1, '2016-09-07 19:21:30');
INSERT INTO `chat` (`id`, `user_id`, `partner_id`, `msg`, `viewed`, `created_at`) VALUES
(1317, 70, 102, 'real love looking and waiting for you <img src="http://ukrbride4u.com/img/sm/ls/smile126.png" />', 1, '2016-09-07 19:22:14'),
(1318, 70, 102, 'Do you want to meet with interesting girl? ;)', 1, '2016-09-07 19:23:03'),
(1319, 70, 102, 'Interesting  <img src="http://ukrbride4u.com/img/sm/ls/smile108.png" />', 1, '2016-09-07 19:24:49'),
(1320, 70, 102, 'What do you appreciate in a woman the most?', 1, '2016-09-07 19:24:55'),
(1321, 70, 102, 'our acquaintance can unite us <img src="http://ukrbride4u.com/img/sm/ls/smile131.png" />', 1, '2016-09-07 19:26:49'),
(1322, 70, 102, 'we can make each other happy', 1, '2016-09-07 19:28:32'),
(1323, 70, 102, 'Do you want to try?', 1, '2016-09-07 19:30:09'),
(1324, 28, 102, 'are you 16?:)', 1, '2016-09-07 19:32:51'),
(1325, 70, 102, 'Ok! What kind of woman do you like? <img src="http://ukrbride4u.com/img/sm/ls/smile108.png" />', 1, '2016-09-07 19:32:52'),
(1326, 70, 102, 'Do you like my picture?', 1, '2016-09-07 19:34:26'),
(1327, 70, 102, 'Are you interested in our close relationships?', 1, '2016-09-07 19:35:48'),
(1328, 54, 102, 'if you are here and i don''t answer, i will be back in 20 mins. I am making exercises. Ok?', 1, '2016-09-07 19:36:58'),
(1329, 70, 102, 'My goal is to find a real man', 1, '2016-09-07 19:37:19'),
(1330, 70, 102, 'Maybe they are the same as mine?', 1, '2016-09-07 19:41:57'),
(1331, 54, 102, 'can you come back here?', 1, '2016-09-07 19:44:10'),
(1332, 54, 102, '<img src="http://ukrbride4u.com/img/sm/ls/smile126.png" />', 1, '2016-09-07 19:45:25'),
(1333, 70, 102, 'we could take a closer look <img src="http://ukrbride4u.com/img/sm/ls/smile108.png" />', 1, '2016-09-07 19:47:41'),
(1334, 70, 102, 'believe me, we could build a wonderful relationship', 1, '2016-09-07 19:50:32'),
(1335, 54, 102, 'are you here?', 1, '2016-09-07 19:52:57'),
(1336, 102, 54, 'yes dear I had to buy credits', 1, '2016-09-07 19:53:36'),
(1337, 54, 102, 'ahh! i see', 1, '2016-09-07 19:53:46'),
(1338, 54, 102, 'i thought you have some troubles', 1, '2016-09-07 19:53:50'),
(1339, 102, 54, 'dear I need to know what you feel. tell me everything and why', 1, '2016-09-07 19:53:54'),
(1340, 102, 54, 'i ask you for this in the letter but you avoided the subject', 1, '2016-09-07 19:54:07'),
(1341, 54, 102, 'because i planned to talk about it on chat', 1, '2016-09-07 19:54:24'),
(1342, 102, 54, 'ok so talk LOL', 1, '2016-09-07 19:54:38'),
(1343, 70, 102, 'What do you think about that?', 1, '2016-09-07 19:54:40'),
(1344, 54, 102, 'well, what i feel? I feel bad.. Because I had a feeling that a friend and beloved one forgot about me', 1, '2016-09-07 19:54:51'),
(1345, 54, 102, 'i never heard nothing from you and noone didn''t help me. And Daria knew which problems i had and she even didn''t let me to sleep in her house for few days', 1, '2016-09-07 19:55:15'),
(1346, 54, 102, 'she said that you never write...', 1, '2016-09-07 19:55:21'),
(1347, 54, 102, 'so i thought you found someone else. Someone easier to deal with', 1, '2016-09-07 19:55:31'),
(1348, 28, 102, 'where is your photo? ;)', 1, '2016-09-07 19:55:54'),
(1349, 102, 54, 'and she was telling me she did not know where you were.', 1, '2016-09-07 19:56:02'),
(1350, 54, 102, 'this is not true:(', 1, '2016-09-07 19:56:10'),
(1351, 54, 102, 'she knew... i came to her place and she said that she has no place to stay', 1, '2016-09-07 19:56:42'),
(1352, 70, 102, 'What can you say when you see my photos?', 1, '2016-09-07 19:56:49'),
(1353, 102, 54, 'what was i to think, i get message on viber a few weeks ago saying that you were giving your phone to her and if i wasnted she would know how to get in touch', 1, '2016-09-07 19:56:50'),
(1354, 70, 102, '<img src="http://ukrbride4u.com/img/sm/ls/smile108.png" />', 1, '2016-09-07 19:56:58'),
(1355, 102, 54, 'i see she is on here too', 1, '2016-09-07 19:57:01'),
(1356, 54, 102, 'on this site? I know... such girls have profiles everywhere', 1, '2016-09-07 19:57:22'),
(1357, 54, 102, 'i don''t think she use it', 1, '2016-09-07 19:57:25'),
(1358, 102, 54, 'after everything i have been through with these sites, if it does work for us with this one, i am done, i will become priest, i am already celebate', 1, '2016-09-07 19:58:09'),
(1359, 54, 102, 'celebrate what?', 1, '2016-09-07 19:58:33'),
(1360, 102, 54, 'celebate dear as in no sex, no women, just praying to God', 1, '2016-09-07 19:58:54'),
(1361, 54, 102, 'aaaah......', 1, '2016-09-07 19:59:05'),
(1362, 54, 102, 'i am sure this site will work for us', 1, '2016-09-07 19:59:09'),
(1363, 102, 54, 'i have not had sex with anyone since 2009', 1, '2016-09-07 19:59:13'),
(1364, 70, 102, 'I think that might surprise you <img src="http://ukrbride4u.com/img/sm/ls/smile108.png" />', 1, '2016-09-07 19:59:20'),
(1365, 102, 54, 'can you tell me honestly, you have not had sex since we talk ?', 1, '2016-09-07 19:59:25'),
(1366, 54, 102, 'NO', 1, '2016-09-07 19:59:36'),
(1367, 54, 102, 'never', 1, '2016-09-07 19:59:37'),
(1368, 54, 102, 'I swear!', 1, '2016-09-07 19:59:40'),
(1369, 28, 97, '<img src="http://ukrbride4u.com/img/sm/ls/smile126.png" />  <img src="http://ukrbride4u.com/img/sm/ls/smile126.png" />  <img src="http://ukrbride4u.com/img/sm/ls/smile126.png" />', 1, '2016-09-07 19:59:52'),
(1370, 70, 102, 'if you want', 1, '2016-09-07 20:00:15'),
(1371, 54, 102, 'so i guess i can go to the church too. If it doesn''t work', 1, '2016-09-07 20:00:19'),
(1372, 102, 54, 'i think back to things from the past. like the time you call me when your grand mother died. you wanted me to comfort you. that made me feel so special', 1, '2016-09-07 20:01:45'),
(1373, 70, 97, 'Hello!', 1, '2016-09-07 20:01:45'),
(1374, 102, 54, 'and i also remember siting airport with flowers like a fool', 1, '2016-09-07 20:02:03'),
(1375, 54, 102, 'do you still feel special', 1, '2016-09-07 20:04:19'),
(1376, 54, 102, 'because I want you to feel this way!', 1, '2016-09-07 20:04:25'),
(1377, 102, 54, 'i want to feel this way dear.', 1, '2016-09-07 20:04:48'),
(1378, 54, 102, 'i think i have to fix all', 1, '2016-09-07 20:05:02'),
(1379, 54, 102, 'so you will feel this way again!', 1, '2016-09-07 20:05:07'),
(1380, 102, 54, 'part of me wants to take you in my arms and hold you, make love to you, make babies. part of me wants to make you naked and spank your bare ass', 1, '2016-09-07 20:05:21'),
(1381, 102, 54, 'i want you forever', 1, '2016-09-07 20:05:56'),
(1382, 54, 102, 'i think i like both variants;)', 1, '2016-09-07 20:06:03'),
(1383, 54, 102, 'lol', 1, '2016-09-07 20:06:04'),
(1384, 102, 54, 'do you know why i want threesome?', 1, '2016-09-07 20:06:28'),
(1385, 102, 54, 'i want you to see me with other woman so maybe you will know what you can lose if you hurt me again', 1, '2016-09-07 20:06:46'),
(1386, 54, 102, 'really???', 1, '2016-09-07 20:06:57'),
(1387, 54, 102, 'i thought because this is your fantasy', 1, '2016-09-07 20:07:02'),
(1388, 102, 54, 'all men have this fantasy dear. but i have extra motive to it. i know this is bad for me to say this. but i told you i would never lie to you', 1, '2016-09-07 20:07:39'),
(1389, 54, 102, 'did you always had it?', 1, '2016-09-07 20:08:23'),
(1390, 102, 54, 'have you never thought of it ?', 1, '2016-09-07 20:10:38'),
(1391, 54, 102, 'i did! But i didn''t think you have such motivation', 1, '2016-09-07 20:10:57'),
(1392, 102, 54, 'have you ever wanted to make love with a woman ?', 1, '2016-09-07 20:12:04'),
(1393, 54, 102, 'don''t you remember the answer? ;)', 1, '2016-09-07 20:12:53'),
(1394, 102, 54, 'NO dear i am sorry. tell me', 1, '2016-09-07 20:13:31'),
(1395, 54, 102, 'i never thought of it', 1, '2016-09-07 20:13:53'),
(1396, 54, 102, 'before you;)', 1, '2016-09-07 20:13:55'),
(1397, 54, 102, 'now i think about it often. LIke when i look at girl i thinking if I could have sex to her with you;)', 1, '2016-09-07 20:14:13'),
(1398, 102, 54, 'would you really do this for your man?', 1, '2016-09-07 20:15:22'),
(1399, 54, 102, 'of course', 1, '2016-09-07 20:15:31'),
(1400, 54, 102, 'why not?', 1, '2016-09-07 20:15:35'),
(1401, 92, 102, 'Hello <img src="http://ukrbride4u.com/img/sm/ls/smile1.png" />  Can I be your only one?', 1, '2016-09-07 20:15:46'),
(1402, 102, 54, 'it would not bother you to see your man inside of her, kissing her, finishing inside of her ? and would you lick his come as it dripped from her pussy?', 1, '2016-09-07 20:16:33'),
(1403, 92, 102, 'What brings you for this site?', 1, '2016-09-07 20:16:43'),
(1404, 54, 102, 'i am not sure to be honest', 1, '2016-09-07 20:16:47'),
(1405, 54, 102, 'but it will be nice check up', 1, '2016-09-07 20:16:52'),
(1406, 54, 102, 'and what do you think? What if I am jealous?', 1, '2016-09-07 20:17:52'),
(1407, 92, 102, 'Where would you like to meet the girl of your dreams?', 1, '2016-09-07 20:17:54'),
(1408, 102, 54, 'lol but dear,once we start, we can not just stop. if your are jealous it is something that needs to be discussed', 1, '2016-09-07 20:18:16'),
(1409, 92, 102, 'Kiev is a great place for meetings', 1, '2016-09-07 20:18:42'),
(1410, 92, 102, 'I live in Kkiev', 1, '2016-09-07 20:18:54'),
(1411, 54, 102, 'will you help me to fight with it?', 1, '2016-09-07 20:19:06'),
(1412, 102, 54, 'you either trust your man or you dont', 1, '2016-09-07 20:19:15'),
(1413, 102, 54, 'we would talk about it before hand, you will either know i love you or you will not know this', 1, '2016-09-07 20:19:32'),
(1414, 92, 102, 'What''s your favorite place on Earth? :)', 1, '2016-09-07 20:19:49'),
(1415, 54, 102, 'of course dear', 1, '2016-09-07 20:20:06'),
(1416, 54, 102, 'it is important', 1, '2016-09-07 20:20:08'),
(1417, 54, 102, 'but i can feel jealous in the process of sex', 1, '2016-09-07 20:20:18'),
(1418, 54, 102, 'will you hate me?', 1, '2016-09-07 20:20:22'),
(1419, 102, 54, 'No dear i will not', 1, '2016-09-07 20:21:10'),
(1420, 54, 102, 'really?', 1, '2016-09-07 20:21:26'),
(1421, 102, 54, 'will you want me to stop? to disappoint her? LOL of course she may already be disappointed over my small cock', 1, '2016-09-07 20:21:43'),
(1422, 92, 102, 'Do you have a dream?', 1, '2016-09-07 20:21:59'),
(1423, 102, 54, 'are you here ??', 1, '2016-09-07 20:24:53'),
(1424, 54, 102, 'yes', 1, '2016-09-07 20:25:06'),
(1425, 54, 102, 'i didn''t think you have small cock;)', 1, '2016-09-07 20:25:25'),
(1426, 102, 54, 'what are you thinking ?', 1, '2016-09-07 20:25:27'),
(1427, 102, 54, 'you want to see it ?', 1, '2016-09-07 20:25:33'),
(1428, 54, 102, 'about this situation', 1, '2016-09-07 20:25:33'),
(1429, 54, 102, 'you sent me;)', 1, '2016-09-07 20:25:39'),
(1430, 28, 97, 'Are you here?', 1, '2016-09-07 20:25:45'),
(1431, 102, 54, 'and it is your turn to send to me. i want to see your sexy body dear', 1, '2016-09-07 20:26:01'),
(1432, 54, 102, 'i sent you too;)', 1, '2016-09-07 20:26:15'),
(1433, 102, 54, 'not naked dear', 1, '2016-09-07 20:26:55'),
(1434, 102, 54, 'i wish to see your breast and your lovely little flower', 1, '2016-09-07 20:27:07'),
(1435, 54, 102, 'i will make this photo later today', 1, '2016-09-07 20:27:20'),
(1436, 54, 102, 'ok?', 1, '2016-09-07 20:27:21'),
(1437, 102, 54, 'ok dear.', 1, '2016-09-07 20:27:32'),
(1438, 102, 54, 'so what needs to be done for your visa?', 1, '2016-09-07 20:27:43'),
(1439, 97, 28, 'YES I AM', 1, '2016-09-07 20:27:44'),
(1440, 28, 97, 'GOOOD:)', 1, '2016-09-07 20:27:48'),
(1441, 28, 97, 'i thought something happened', 1, '2016-09-07 20:27:54'),
(1442, 97, 28, 'IT IS THIS SITE', 1, '2016-09-07 20:28:04'),
(1443, 54, 102, 'we will start the next week', 1, '2016-09-07 20:28:13'),
(1444, 54, 102, 'this is what we were talking about today', 1, '2016-09-07 20:28:19'),
(1445, 28, 97, 'what is wrong with it?', 1, '2016-09-07 20:28:31'),
(1446, 97, 28, 'CAN`T FIGURE OUT HOW IT IS COSTED OUT', 1, '2016-09-07 20:28:52'),
(1447, 102, 54, 'cool', 1, '2016-09-07 20:28:53'),
(1448, 54, 102, 'did you like not naked photo?', 1, '2016-09-07 20:29:05'),
(1449, 28, 97, 'aaaah:) i don''t know', 1, '2016-09-07 20:29:12'),
(1450, 28, 97, 'ask Kristina! DIdn''t she tell?', 1, '2016-09-07 20:29:18'),
(1451, 102, 54, 'i know i will still need to visit there for you to get K-1 visa. i would love a naked picture of you. you sned me picture in panties and bra dear', 1, '2016-09-07 20:29:33'),
(1452, 97, 28, 'SENT HER E-MAIL I`M SURE SHE CAN FIX IT', 1, '2016-09-07 20:29:48'),
(1453, 54, 102, 'visit me for visa?', 1, '2016-09-07 20:29:49'),
(1454, 54, 102, 'and not naked? :)', 1, '2016-09-07 20:29:59'),
(1455, 54, 102, 'i sent you in letter', 1, '2016-09-07 20:30:03'),
(1456, 97, 28, 'SO HOW ARE YOU', 1, '2016-09-07 20:30:08'),
(1457, 28, 97, 'and what did she say?', 1, '2016-09-07 20:30:13'),
(1458, 28, 97, 'I am fine dear. Working. Want to buy you a ticket soon!', 1, '2016-09-07 20:30:28'),
(1459, 97, 28, 'JUST SENT IT TO HER', 1, '2016-09-07 20:30:31'),
(1460, 102, 54, 'let me look dear i only got one picture you were in panties and bra', 1, '2016-09-07 20:30:33'),
(1461, 54, 102, 'yes in panties', 1, '2016-09-07 20:30:39'),
(1462, 54, 102, 'did you like it?', 1, '2016-09-07 20:30:42'),
(1463, 97, 28, 'SO YOU ARE IN ODESSA', 1, '2016-09-07 20:30:52'),
(1464, 28, 97, 'Yes', 1, '2016-09-07 20:31:12'),
(1465, 28, 97, 'still;)', 1, '2016-09-07 20:31:14'),
(1466, 28, 97, 'believe it?', 1, '2016-09-07 20:31:15'),
(1467, 28, 97, 'lol', 1, '2016-09-07 20:31:16'),
(1468, 102, 54, 'i do dear but i want to see all of you', 1, '2016-09-07 20:31:21'),
(1469, 54, 102, 'i will send', 1, '2016-09-07 20:31:30'),
(1470, 54, 102, 'just was interested about that photo', 1, '2016-09-07 20:31:35'),
(1471, 102, 54, 'it was very sexy and to be honest i masturbate to it', 1, '2016-09-07 20:31:41'),
(1472, 97, 28, 'OK YOUR PROFILE SAYS TEL-A-VIV', 1, '2016-09-07 20:31:41'),
(1473, 54, 102, 'really?;)', 1, '2016-09-07 20:31:46'),
(1474, 28, 97, 'which one?', 1, '2016-09-07 20:31:52'),
(1475, 28, 97, 'this one?', 1, '2016-09-07 20:31:55'),
(1476, 97, 28, 'HIS ONE', 1, '2016-09-07 20:32:00'),
(1477, 28, 97, 'i put Tel-a-Viv so noone will contact me', 1, '2016-09-07 20:32:06'),
(1478, 97, 28, 'THIS ONE', 1, '2016-09-07 20:32:07'),
(1479, 28, 97, 'who needs old juwish? :) lol', 1, '2016-09-07 20:32:13'),
(1480, 97, 28, 'OH IS SEE', 1, '2016-09-07 20:32:19'),
(1481, 102, 54, 'yes dear', 1, '2016-09-07 20:32:23'),
(1482, 97, 28, 'HA HA HA HA VERY FUNNY', 1, '2016-09-07 20:32:27'),
(1483, 28, 97, 'i thought so!', 1, '2016-09-07 20:32:32'),
(1484, 102, 54, 'i wish you would make a facebook page too', 1, '2016-09-07 20:32:41'),
(1485, 28, 97, 'this profile compared to other sites, I did by myself. I liked it', 1, '2016-09-07 20:32:45'),
(1486, 54, 102, 'i wish so too. But i am so stupid about computers:(', 1, '2016-09-07 20:33:03'),
(1487, 54, 102, 'and i really have no time for it', 1, '2016-09-07 20:33:10'),
(1488, 97, 28, 'YES IS FINE  I LIKE IT ALSO I DID MY OWN ALSO HA HA HA', 1, '2016-09-07 20:33:16'),
(1489, 102, 54, 'or make a new viber and i still need your number. you promised to send to me so i can call you', 1, '2016-09-07 20:33:25'),
(1490, 54, 102, 'yes yes', 1, '2016-09-07 20:33:37'),
(1491, 54, 102, 'i will give you now', 1, '2016-09-07 20:33:40'),
(1492, 54, 102, 'wait', 1, '2016-09-07 20:33:40'),
(1493, 28, 97, 'but you always did it by yourself', 1, '2016-09-07 20:33:57'),
(1494, 28, 97, 'right?', 1, '2016-09-07 20:33:59'),
(1495, 97, 28, 'SO TELL ME WHEN I COME ARE YOU THINKING OF COMING BACK WITH ME?', 1, '2016-09-07 20:34:09'),
(1496, 97, 28, 'YES I ALWAYS DID BY MYSELF', 1, '2016-09-07 20:34:25'),
(1497, 28, 97, 'but visa doesn''t work anymore', 1, '2016-09-07 20:34:44'),
(1498, 28, 97, 'i wish i could', 1, '2016-09-07 20:34:50'),
(1499, 102, 54, 'just like Anastasia i get many chat request i delete them dear', 1, '2016-09-07 20:34:53'),
(1500, 28, 97, 'and normally girls don''t make profiles. Agency does', 1, '2016-09-07 20:35:02'),
(1501, 54, 102, 'here is the same?', 1, '2016-09-07 20:35:11'),
(1502, 97, 28, 'WHY NOT SIAD IT WAS GOOD FOR 10 YEARS', 1, '2016-09-07 20:35:11'),
(1503, 54, 102, 'i don''t think they have so many girls', 1, '2016-09-07 20:35:16'),
(1504, 28, 97, 'yes yes;)', 1, '2016-09-07 20:35:29'),
(1505, 28, 97, 'iwas joking', 1, '2016-09-07 20:35:31'),
(1506, 28, 97, 'wanted to tease you', 1, '2016-09-07 20:35:38'),
(1507, 97, 28, 'HA HA VERY FUNNY', 1, '2016-09-07 20:35:43'),
(1508, 54, 102, '+380731543570', 1, '2016-09-07 20:35:54'),
(1509, 54, 102, 'this is my telephone number', 1, '2016-09-07 20:35:58'),
(1510, 54, 102, 'but don''t call now;)', 1, '2016-09-07 20:36:00'),
(1511, 97, 28, 'EASIER THAN SAYING NO ,RIGHT:)', 1, '2016-09-07 20:36:15'),
(1512, 102, 54, 'why not ?', 1, '2016-09-07 20:36:17'),
(1513, 54, 102, 'because it is on the charge', 1, '2016-09-07 20:36:39'),
(1514, 54, 102, 'in my neighbour''s room', 1, '2016-09-07 20:36:45'),
(1515, 28, 97, 'what do you mean?', 1, '2016-09-07 20:36:55'),
(1516, 28, 97, ';)', 1, '2016-09-07 20:36:57'),
(1517, 97, 28, 'THAT WAY YOU DID NOT HAVE TO SAY NO YOU WERE NOT PLANNING ON COMING BACK WITH ME:)', 1, '2016-09-07 20:37:32'),
(1518, 102, 54, 'is this not to many numbers ?', 1, '2016-09-07 20:37:35'),
(1519, 28, 97, 'WELL I DIDN''T PLAN', 1, '2016-09-07 20:37:43'),
(1520, 28, 97, 'but i can start!', 1, '2016-09-07 20:37:45'),
(1521, 102, 54, 'lol did you talk to your neighbor ??', 1, '2016-09-07 20:37:53'),
(1522, 54, 102, 'NO:)', 1, '2016-09-07 20:38:04'),
(1523, 54, 102, '+38 - is the code', 1, '2016-09-07 20:38:11'),
(1524, 54, 102, 'she is sleeping', 1, '2016-09-07 20:38:17'),
(1525, 102, 54, 'ok dear. so when can i call?', 1, '2016-09-07 20:38:45'),
(1526, 97, 28, 'IT IS YOUR CHOICE OF COURSE ALL UP TO YOU.WHO KNOWS MAYBE YOU WON`T LIKE THE LOOKS OF THIS OLD MAN.', 1, '2016-09-07 20:38:47'),
(1527, 54, 102, 'tomorrow ;)', 1, '2016-09-07 20:38:56'),
(1528, 54, 102, 'but earlier', 1, '2016-09-07 20:39:07'),
(1529, 54, 102, 'i think 4-5 hours earlier', 1, '2016-09-07 20:39:16'),
(1530, 54, 102, 'when noone is at home', 1, '2016-09-07 20:39:20'),
(1531, 28, 97, 'well, if i want it i have to make plans now', 1, '2016-09-07 20:39:35'),
(1532, 28, 97, 'and you are not old man!', 1, '2016-09-07 20:39:38'),
(1533, 97, 28, 'MAYBE YOU WANT YOUNGER MAN WITH BIGGER TOOL H A HA HA HA HA', 1, '2016-09-07 20:39:49'),
(1534, 28, 97, 'very funny!:)', 1, '2016-09-07 20:40:17'),
(1535, 28, 97, 'what for?', 1, '2016-09-07 20:40:20'),
(1536, 97, 28, 'FOR MORE FUN OF COURSE!HA HA', 1, '2016-09-07 20:40:41'),
(1537, 28, 97, 'well...life is not just about fun', 1, '2016-09-07 20:41:05'),
(1538, 28, 97, 'it is about love', 1, '2016-09-07 20:41:07'),
(1539, 97, 28, 'YES YOU ARE RIGHT BUT SOME FUN STSRTS', 1, '2016-09-07 20:41:25'),
(1540, 28, 97, 'which one? ;)', 1, '2016-09-07 20:41:49'),
(1541, 28, 97, 'i can have fun with you', 1, '2016-09-07 20:45:06'),
(1542, 54, 102, 'deal?;)', 1, '2016-09-07 20:45:08'),
(1543, 28, 97, 'i am sure', 1, '2016-09-07 20:45:36'),
(1544, 102, 54, 'had to buy more cresits', 1, '2016-09-07 20:45:49'),
(1545, 97, 28, 'SITE IS ACTING UP SO I WILL GO', 1, '2016-09-07 20:46:00'),
(1546, 102, 54, 'this is why i want to call or email', 1, '2016-09-07 20:46:02'),
(1547, 97, 28, 'TIME TO EAT', 1, '2016-09-07 20:46:09'),
(1548, 54, 102, 'i understand... I know. But please, be patient. We will start visa process and i will find a way to talk to you', 1, '2016-09-07 20:46:26'),
(1549, 28, 97, 'ok baby', 1, '2016-09-07 20:46:33'),
(1550, 28, 97, 'i love you', 1, '2016-09-07 20:46:36'),
(1551, 28, 97, 'when will we talk again?', 1, '2016-09-07 20:46:41'),
(1552, 28, 97, '<img src="http://ukrbride4u.com/img/sm/ls/smile126.png" />', 1, '2016-09-07 20:46:45'),
(1553, 97, 28, 'GOOD NIGHT I LOVE YOU ALSO', 1, '2016-09-07 20:46:52'),
(1554, 97, 28, 'DAY OR SO', 1, '2016-09-07 20:47:01'),
(1555, 102, 54, 'is this phone number yours or your friends ?', 1, '2016-09-07 20:47:06'),
(1556, 54, 102, 'this is my friend''s number...', 1, '2016-09-07 20:47:14'),
(1557, 54, 102, 'i don''t have telephone', 1, '2016-09-07 20:47:19'),
(1558, 102, 54, 'what time do you want me to call?', 1, '2016-09-07 20:47:25'),
(1559, 28, 97, 'good night.', 1, '2016-09-07 20:47:26'),
(1560, 28, 97, 'will wait for you;)', 1, '2016-09-07 20:47:29'),
(1561, 102, 54, 'if i come to you, will you find us an apartment or do i need hotel?', 1, '2016-09-07 20:47:50'),
(1562, 54, 102, 'hmm. call me tomorrow at 8 -9 p.m.', 1, '2016-09-07 20:47:52'),
(1563, 102, 54, 'will the agency help you', 1, '2016-09-07 20:47:54'),
(1564, 102, 54, 'find an apartment for us when i am there ?', 1, '2016-09-07 20:48:11'),
(1565, 54, 102, 'this is time when my friend comes home', 1, '2016-09-07 20:48:16'),
(1566, 54, 102, 'yes of course', 1, '2016-09-07 20:48:23'),
(1567, 54, 102, 'i can ask them. they can help you for free.', 1, '2016-09-07 20:48:29'),
(1568, 102, 54, 'and she will not mind me calling you?', 1, '2016-09-07 20:48:32'),
(1569, 102, 54, 'is this the friend you say you want to join us ?', 1, '2016-09-07 20:48:52'),
(1570, 54, 102, 'yes;)', 1, '2016-09-07 20:49:29'),
(1571, 54, 102, 'i didn''t talk to her', 1, '2016-09-07 20:49:33'),
(1572, 54, 102, 'but i think she will agree', 1, '2016-09-07 20:49:36'),
(1573, 102, 54, 'ok dear', 1, '2016-09-07 20:49:52'),
(1574, 102, 54, 'i wish you were here now', 1, '2016-09-07 20:49:57'),
(1575, 54, 102, 'me too!', 1, '2016-09-07 20:50:03'),
(1576, 102, 54, 'i need to feel a hug, a kiss', 1, '2016-09-07 20:50:06'),
(1577, 54, 102, 'i miss you so much!', 1, '2016-09-07 20:50:07'),
(1578, 54, 102, 'we had such special relations before', 1, '2016-09-07 20:50:13'),
(1579, 102, 54, 'it is lonely to be in truck and know you have not love', 1, '2016-09-07 20:50:19'),
(1580, 54, 102, 'i understand you', 1, '2016-09-07 20:50:45'),
(1581, 54, 102, 'i want you to come so much!', 1, '2016-09-07 20:50:51'),
(1582, 102, 54, 'i want this too. so tell me, how do you see the first minute when we do meet ?', 1, '2016-09-07 20:52:56'),
(1583, 54, 102, 'i see us kissing for 1 hour', 1, '2016-09-07 20:53:30'),
(1584, 54, 102, 'right in the airport', 1, '2016-09-07 20:53:34'),
(1585, 102, 54, 'and after that ?', 1, '2016-09-07 20:53:56'),
(1586, 54, 102, 'after that everything will be spontaneous. But something says me that we will have hot sex;)', 1, '2016-09-07 20:54:18'),
(1587, 102, 54, 'ok but there is a promise i need from you', 1, '2016-09-07 20:54:40'),
(1588, 54, 102, 'which one?', 1, '2016-09-07 20:54:49'),
(1589, 102, 54, 'promise me you will never take pills or do anything to stop becoming pregnant', 1, '2016-09-07 20:54:56'),
(1590, 54, 102, 'of course', 1, '2016-09-07 20:55:17'),
(1591, 54, 102, 'it is bad for woman''s health', 1, '2016-09-07 20:55:21'),
(1592, 54, 102, 'ok baby. I will go now. Can we talk tomorrow?', 1, '2016-09-07 20:55:51'),
(1593, 54, 102, 'i am falling asleep', 1, '2016-09-07 20:55:56'),
(1594, 102, 54, 'ok dear sleep well', 1, '2016-09-07 20:56:05'),
(1595, 54, 102, '<img src="http://ukrbride4u.com/img/sm/ls/smile126.png" />  i love you', 1, '2016-09-07 20:56:32'),
(1596, 54, 102, 'did you know?', 1, '2016-09-07 20:56:34'),
(1597, 102, 54, 'i did not know, but i do know i love you', 1, '2016-09-07 20:57:32'),
(1598, 54, 102, '<img src="http://ukrbride4u.com/img/sm/ls/smile137.png" />', 1, '2016-09-07 20:57:39'),
(1599, 54, 102, 'great!', 1, '2016-09-07 20:57:40'),
(1600, 54, 102, 'good night', 1, '2016-09-07 20:57:42'),
(1601, 54, 102, 'this is all what i need now', 1, '2016-09-07 20:57:45'),
(1602, 102, 54, 'good night dear', 1, '2016-09-07 20:58:02'),
(1603, 28, 97, 'Hello baby;)', 1, '2016-09-11 17:10:57'),
(1604, 28, 97, 'Are you here?', 1, '2016-09-11 17:12:07'),
(1605, 54, 102, 'Hello;)))', 1, '2016-09-11 19:04:32'),
(1606, 54, 102, 'Are you here?', 1, '2016-09-11 19:08:01'),
(1607, 102, 54, 'yes how are you ?', 1, '2016-09-11 19:09:22'),
(1608, 54, 102, 'I am fine! What about you?;)))', 1, '2016-09-11 19:10:10'),
(1609, 54, 102, 'I am happy to see you', 1, '2016-09-11 19:10:26'),
(1610, 102, 54, 'I am ok . yes it is good to see you too dea', 1, '2016-09-11 19:10:36'),
(1611, 102, 54, 'dear', 1, '2016-09-11 19:10:38'),
(1612, 54, 102, 'What happened to you?', 1, '2016-09-11 19:11:00'),
(1613, 102, 54, 'working dear. when I travel I do not always have signal. however, twice I have gotten on here and it showed you online but by the time I got chat opened you were gone', 1, '2016-09-11 19:11:49'),
(1614, 54, 102, 'But you sent me a lettee. You aaid something bad', 1, '2016-09-11 19:12:36'),
(1615, 102, 54, 'no I said my mind was working to hard for me to get proper sleep. I do have a lot on my mind, my sons, my father, you, work', 1, '2016-09-11 19:13:15'),
(1616, 54, 102, 'And how are your sons by the way?;))', 1, '2016-09-11 19:13:46'),
(1617, 102, 54, 'they are doing good but not wanting to do their school work', 1, '2016-09-11 19:13:59'),
(1618, 54, 102, 'Like normal kids;)))))', 1, '2016-09-11 19:14:34'),
(1619, 102, 54, 'da', 1, '2016-09-11 19:14:42'),
(1620, 102, 54, 'how much will it cost for you to get a phone', 1, '2016-09-11 19:15:22'),
(1621, 54, 102, 'Around 300$', 1, '2016-09-11 19:15:44'),
(1622, 54, 102, 'Maybe 200$', 1, '2016-09-11 19:15:54'),
(1623, 102, 54, 'for a phone?? what kind of phone is it ?', 1, '2016-09-11 19:16:01'),
(1624, 54, 102, 'Lenovo. It is middle', 1, '2016-09-11 19:16:36'),
(1625, 102, 54, 'for that money it better be made of GOLD and eat your pussy', 1, '2016-09-11 19:17:41'),
(1626, 54, 102, 'Really??? 200$ is not a lot for phone i think', 1, '2016-09-11 19:18:15'),
(1627, 102, 54, 'of course if it did do that you would not need me.', 1, '2016-09-11 19:18:37'),
(1628, 54, 102, 'How much does it cost in your country?', 1, '2016-09-11 19:18:37'),
(1629, 102, 54, 'dear I can get a phone for $40 in usa that has text, internet, and calling.', 1, '2016-09-11 19:18:56'),
(1630, 54, 102, 'Well here techniqs cost a lot. Thats why i cant afford it', 1, '2016-09-11 19:19:48'),
(1631, 102, 54, 'how much is the monthly service ?', 1, '2016-09-11 19:20:08'),
(1632, 54, 102, 'Nothing', 1, '2016-09-11 19:20:30'),
(1633, 102, 54, 'nothing ??', 1, '2016-09-11 19:20:53'),
(1634, 54, 102, 'We dont pay for it', 1, '2016-09-11 19:21:08'),
(1635, 102, 54, 'maybe that is why it is so expensive for the phone. here $40 for phone and around 25 a month', 1, '2016-09-11 19:21:30'),
(1636, 54, 102, 'Yes. We are different;)))))', 1, '2016-09-11 19:21:54'),
(1637, 102, 54, 'yes we are', 1, '2016-09-11 19:22:35'),
(1638, 102, 54, 'I am fat, you are not. I am ugly, your are not ( although I do miss the long black hair )', 1, '2016-09-11 19:23:12'),
(1639, 54, 102, 'Well i hope i will buy telephone before i come to you', 1, '2016-09-11 19:23:22'),
(1640, 102, 54, 'what makes you think that when you come, I will let you leave ?', 1, '2016-09-11 19:23:43'),
(1641, 54, 102, 'It was loooong time ago', 1, '2016-09-11 19:23:44'),
(1642, 102, 54, 'yes I know dear, but that was the lady I fell in love with', 1, '2016-09-11 19:24:03'),
(1643, 102, 54, 'i never understand why women feel the need to change things', 1, '2016-09-11 19:24:21'),
(1644, 54, 102, 'Maybe you will not like me in real lufe. Who knows?', 1, '2016-09-11 19:24:25'),
(1645, 102, 54, 'is that your hope dear ?', 1, '2016-09-11 19:24:49'),
(1646, 54, 102, 'What do you mean to change things?', 1, '2016-09-11 19:25:07'),
(1647, 54, 102, 'I hope that we can be great couple', 1, '2016-09-11 19:25:30'),
(1648, 102, 54, 'women mess with perfection/ a man falls in love by sight. what he sees. i fell in love with you with the long black hair and you changed perfection. you were perfect. you are still gorgeous dear. i know woman who cut of all her hair to look like man and then could not understand why her man was upset. men do not like change LOL', 1, '2016-09-11 19:26:48'),
(1649, 102, 54, 'i hope we will too dear. it is up to you.', 1, '2016-09-11 19:26:55'),
(1650, 54, 102, 'Women get bored wuth their appereance;)))', 1, '2016-09-11 19:28:02'),
(1651, 54, 102, 'I will try to be the best wife;)))', 1, '2016-09-11 19:28:24'),
(1652, 102, 54, 'well it has been my experience that when woman starts changing her appearance she is cheating', 1, '2016-09-11 19:28:32'),
(1653, 102, 54, 'i know you will dear', 1, '2016-09-11 19:28:38'),
(1654, 54, 102, 'This is not always true', 1, '2016-09-11 19:29:13'),
(1655, 102, 54, 'it has been for me dear', 1, '2016-09-11 19:29:20'),
(1656, 54, 102, 'I dont see the reason to think so', 1, '2016-09-11 19:29:29'),
(1657, 54, 102, 'This is bad...', 1, '2016-09-11 19:29:40'),
(1658, 102, 54, 'first wife start working out and losing weight, 3 months alter she is gone, second wife change her hair, her clothes style and then she is gone', 1, '2016-09-11 19:30:29'),
(1659, 54, 102, 'Well....to me this is strange. I would not do that', 1, '2016-09-11 19:31:14'),
(1660, 102, 54, 'i know dear but if you change i will worry. just to let you know now', 1, '2016-09-11 19:31:36'),
(1661, 54, 102, 'I will not change. Ok?;))))', 1, '2016-09-11 19:31:58'),
(1662, 102, 54, 'i hope not dear', 1, '2016-09-11 19:39:10'),
(1663, 102, 54, 'i had tobuy more credits. their process is to slow', 1, '2016-09-11 19:39:20'),
(1664, 54, 102, 'I will not;)))))', 1, '2016-09-11 19:39:28'),
(1665, 54, 102, 'Why slow?;))))', 1, '2016-09-11 19:39:39'),
(1666, 102, 54, 'look how long it took me to answer you', 1, '2016-09-11 19:39:51'),
(1667, 102, 54, '8 minutes', 1, '2016-09-11 19:39:57'),
(1668, 54, 102, 'Write them. They need to know their problems', 1, '2016-09-11 19:40:37'),
(1669, 102, 54, 'if dashsa has boyfriend ( which it appears she does due to her facebook postings) why is she on this site', 1, '2016-09-11 19:41:10'),
(1670, 54, 102, 'Does she have boyfriend?', 1, '2016-09-11 19:42:00'),
(1671, 54, 102, 'I dont know . do you see her online?', 1, '2016-09-11 19:42:21'),
(1672, 102, 54, 'she keeps appearing with the same guy over and over. and how can you not use facebook since you had VK page', 1, '2016-09-11 19:42:30'),
(1673, 54, 102, 'I have no idea. Laat time i saw her she was single', 1, '2016-09-11 19:43:12'),
(1674, 54, 102, 'Do you still write her?', 1, '2016-09-11 19:43:34'),
(1675, 102, 54, 'no', 1, '2016-09-11 19:43:38'),
(1676, 102, 54, 'only reason i did was to find out about you', 1, '2016-09-11 19:43:49'),
(1677, 54, 102, 'Good. Me too', 1, '2016-09-11 19:43:53'),
(1678, 54, 102, 'And she never told me;(((', 1, '2016-09-11 19:44:09'),
(1679, 102, 54, 'i never was attraacted to her', 1, '2016-09-11 19:44:16'),
(1680, 102, 54, 'i look at her and i see a horse face', 1, '2016-09-11 19:44:27'),
(1681, 102, 54, 'sorry but it is true', 1, '2016-09-11 19:44:34'),
(1682, 54, 102, 'Why didnt you tell?', 1, '2016-09-11 19:44:35'),
(1683, 102, 54, 'she was your friend. i did not want to offend you', 1, '2016-09-11 19:44:49'),
(1684, 102, 54, 'and where are my pictures ?? LOL', 1, '2016-09-11 19:45:08'),
(1685, 54, 102, 'Well this is not offensive:)))) lol', 1, '2016-09-11 19:45:12'),
(1686, 54, 102, 'Sorry dear. I didnt make it. But i will', 1, '2016-09-11 19:45:31'),
(1687, 102, 54, 'did you talk to friend?', 1, '2016-09-11 19:45:40'),
(1688, 54, 102, 'Yes. She will make', 1, '2016-09-11 19:46:11'),
(1689, 102, 54, 'she will join us ??', 1, '2016-09-11 19:46:21'),
(1690, 54, 102, 'And will you send me?;)))', 1, '2016-09-11 19:46:24'),
(1691, 102, 54, 'of course.', 1, '2016-09-11 19:46:45'),
(1692, 54, 102, 'She wants to see your photo;)))', 1, '2016-09-11 19:46:45'),
(1693, 54, 102, 'And you took it from the site', 1, '2016-09-11 19:46:58'),
(1694, 102, 54, 'no i did not. there is supposed to be 3 pictures there', 1, '2016-09-11 19:47:17'),
(1695, 54, 102, 'Check please. You dont have main photo', 1, '2016-09-11 19:47:43'),
(1696, 102, 54, 'ok hold on', 1, '2016-09-11 19:47:58'),
(1697, 54, 102, 'Ok;))))', 1, '2016-09-11 19:48:07'),
(1698, 102, 54, 'ok i added it again.', 1, '2016-09-11 19:49:10'),
(1699, 102, 54, 'i can not wait to see your sexy body naked', 1, '2016-09-11 19:49:24'),
(1700, 54, 102, 'Thank you. I will show her', 1, '2016-09-11 19:49:26'),
(1701, 54, 102, 'Really?;)))', 1, '2016-09-11 19:49:38'),
(1702, 102, 54, 'i will also email it to you.', 1, '2016-09-11 19:49:47'),
(1703, 102, 54, 'money will be tight this week. so be patient dear', 1, '2016-09-11 19:50:01'),
(1704, 54, 102, 'Thank you baby.', 1, '2016-09-11 19:50:01'),
(1705, 54, 102, 'Tight? I didnt aak money from you i guess;)))', 1, '2016-09-11 19:50:31'),
(1706, 102, 54, 'NO dear but i will run out of credits soon', 1, '2016-09-11 19:50:48'),
(1707, 54, 102, 'Ok baby. When can we talk again??', 1, '2016-09-11 19:51:13'),
(1708, 102, 54, 'i will let you know dear.', 1, '2016-09-11 19:51:27'),
(1709, 54, 102, 'Ok baby. I will go to sleep then', 1, '2016-09-11 19:51:43'),
(1710, 102, 54, 'i love you baby. do not forget that', 1, '2016-09-11 19:51:56'),
(1711, 102, 54, 'and send me soon dear', 1, '2016-09-11 19:52:04'),
(1712, 54, 102, 'I love you too', 1, '2016-09-11 19:52:08'),
(1713, 102, 54, 'i can not wait to see your pictures', 1, '2016-09-11 19:52:11'),
(1714, 54, 102, 'Of course baby', 1, '2016-09-11 19:52:24'),
(1715, 102, 54, 'i will try and email you soon', 1, '2016-09-11 19:52:27'),
(1716, 54, 102, 'Deal;))) love you', 1, '2016-09-11 19:53:15'),
(1717, 102, 54, 'love you more', 1, '2016-09-11 19:53:25'),
(1718, 54, 102, 'Send me letter here', 1, '2016-09-11 19:53:38'),
(1719, 54, 102, 'I love you more:)))', 1, '2016-09-11 19:53:49'),
(1720, 102, 54, 'i just sent you my picture.', 1, '2016-09-11 19:54:59'),
(1721, 102, 54, 'did you get it ?', 1, '2016-09-11 19:55:14'),
(1722, 102, 54, 'and i want to see picture of her too', 1, '2016-09-11 19:55:23'),
(1723, 102, 54, '?????', 1, '2016-09-11 19:57:40'),
(1724, 102, 54, 'so did you get my pictures?', 1, '2016-09-12 13:06:27'),
(1725, 54, 102, 'hello baby', 1, '2016-09-12 13:07:16'),
(1726, 54, 102, 'yes, i am answering you right now;)', 1, '2016-09-12 13:07:21'),
(1727, 102, 54, 'I was worried you did not get it', 1, '2016-09-12 13:07:47'),
(1728, 54, 102, 'NO NO:)', 1, '2016-09-12 13:07:53'),
(1729, 54, 102, 'it is ok:)]', 1, '2016-09-12 13:07:57'),
(1730, 54, 102, 'i sent you my friend', 1, '2016-09-12 13:08:05'),
(1731, 102, 54, 'what did your friend say ?', 1, '2016-09-12 13:08:30'),
(1732, 54, 102, 'She didn''t see, She is at work', 1, '2016-09-12 13:08:44'),
(1733, 54, 102, 'i will show her later;)', 1, '2016-09-12 13:08:49'),
(1734, 102, 54, 'dear it does not matter if she has profile here? I am not looking for her to love. I just want to use her for sex for a night or 2 with you, when I come, that is all', 1, '2016-09-12 13:09:41'),
(1735, 54, 102, 'so look at her;)', 1, '2016-09-12 13:09:59'),
(1736, 54, 102, 'do you like', 1, '2016-09-12 13:10:02'),
(1737, 54, 102, 'she is older than me, but has nice body!', 1, '2016-09-12 13:10:10'),
(1738, 102, 54, 'you are my woman not her. yes she appears to be sexy but she does not have my heart. you do', 1, '2016-09-12 13:10:27'),
(1739, 54, 102, 'really?:)', 1, '2016-09-12 13:11:04'),
(1740, 102, 54, 'you know you do dear, if you do not know this then we should stop talking don''t you think?', 1, '2016-09-12 13:12:03'),
(1741, 54, 102, 'of course', 1, '2016-09-12 13:12:16'),
(1742, 54, 102, 'you are right', 1, '2016-09-12 13:12:18'),
(1743, 54, 102, 'i am so glad i have your heart!!!!', 1, '2016-09-12 13:12:23'),
(1744, 54, 102, 'and you have mine!', 1, '2016-09-12 13:12:26'),
(1745, 102, 54, 'so do we talk or say goodbye ?', 1, '2016-09-12 13:12:32'),
(1746, 54, 102, 'What fo you mean?', 1, '2016-09-12 13:12:50'),
(1747, 54, 102, 'We talk!!!!', 1, '2016-09-12 13:12:53'),
(1748, 102, 54, 'ok then', 1, '2016-09-12 13:13:01'),
(1749, 102, 54, 'LOL', 1, '2016-09-12 13:13:01'),
(1750, 102, 54, 'I want you dear. I need you dear.', 1, '2016-09-12 13:13:22'),
(1751, 54, 102, 'How is your day?', 1, '2016-09-12 13:13:25'),
(1752, 54, 102, 'I need you too!', 1, '2016-09-12 13:13:28'),
(1753, 102, 54, 'i am working and will have to go soon', 1, '2016-09-12 13:13:46'),
(1754, 102, 54, 'do not forget the special pictures of you i desire like crazy LOL', 1, '2016-09-12 13:14:05'),
(1755, 54, 102, 'and will we talk today later?', 1, '2016-09-12 13:14:10'),
(1756, 54, 102, 'Of course baby', 1, '2016-09-12 13:14:14'),
(1757, 54, 102, 'but it depends on my friend;)', 1, '2016-09-12 13:14:18'),
(1758, 54, 102, 'are you here?', 1, '2016-09-12 13:17:13'),
(1759, 54, 94, 'Hello;)))', 0, '2016-09-12 17:24:36'),
(1760, 52, 17, 'hello', 1, '2016-09-13 04:42:38'),
(1761, 52, 17, 'awadaw', 1, '2016-09-13 04:49:25'),
(1762, 17, 52, 'awdawdawd', 1, '2016-09-13 04:49:50'),
(1763, 52, 17, 'awdaw', 1, '2016-09-13 05:06:22'),
(1764, 37, 94, 'ffew', 0, '2016-09-13 09:00:51'),
(1765, 37, 94, 'wef', 0, '2016-09-13 09:00:52'),
(1766, 37, 94, 'wef', 0, '2016-09-13 09:00:53'),
(1767, 19, 81, '54545', 0, '2016-09-13 10:07:28'),
(1768, 19, 53, 'ascac', 1, '2016-09-14 06:15:17'),
(1769, 19, 53, 'sc', 1, '2016-09-14 06:17:17'),
(1770, 19, 53, 'ghj', 1, '2016-09-14 06:21:45'),
(1771, 37, 53, 'dsf', 1, '2016-09-14 06:33:14'),
(1772, 37, 53, 'sdfdsf', 1, '2016-09-14 06:33:20'),
(1773, 37, 53, 'dsfds', 1, '2016-09-14 06:33:37'),
(1774, 37, 53, 'asdad', 1, '2016-09-14 06:36:45'),
(1775, 37, 2, '12', 0, '2016-09-14 07:40:40'),
(1776, 19, 53, '121212', 1, '2016-09-14 07:52:04'),
(1777, 37, 53, 'regreg', 1, '2016-09-14 07:55:48'),
(1778, 37, 53, 'erg', 1, '2016-09-14 07:56:02'),
(1779, 37, 2, 'ss', 0, '2016-09-14 08:05:08'),
(1780, 53, 37, '212', 1, '2016-09-14 08:09:23'),
(1781, 37, 53, 'asdas', 1, '2016-09-14 08:18:25'),
(1782, 53, 37, 'asd', 1, '2016-09-14 08:18:32'),
(1783, 37, 53, 'wqd', 1, '2016-09-14 08:18:36'),
(1784, 53, 37, '1111111111', 1, '2016-09-14 08:18:42'),
(1785, 37, 53, '32323', 1, '2016-09-14 08:18:48'),
(1786, 53, 37, '211212', 1, '2016-09-14 08:19:30'),
(1787, 37, 53, '3333333333333', 1, '2016-09-14 08:34:51'),
(1788, 53, 37, '1212', 1, '2016-09-14 08:35:06'),
(1789, 53, 37, '1221111111111111111111111', 1, '2016-09-14 08:41:19'),
(1790, 37, 53, '222222222', 1, '2016-09-14 08:41:24'),
(1791, 53, 70, 'wdqwdqwd', 1, '2016-09-14 08:59:34'),
(1792, 53, 70, 'qwd', 1, '2016-09-14 08:59:35'),
(1793, 53, 70, 'qwd', 1, '2016-09-14 09:03:15'),
(1794, 53, 70, 'qqqqqqqqqqq', 1, '2016-09-14 09:03:19'),
(1795, 53, 34, 'asdasdas', 1, '2016-09-14 09:04:27'),
(1796, 53, 34, '1111111', 1, '2016-09-14 09:04:30'),
(1797, 53, 34, 'ewd', 1, '2016-09-14 09:04:51'),
(1798, 37, 53, 'asad', 1, '2016-09-14 09:23:08'),
(1799, 37, 53, '111', 1, '2016-09-14 09:23:12'),
(1800, 53, 34, '55555555', 1, '2016-09-14 09:23:27'),
(1801, 37, 53, '66666666666', 1, '2016-09-14 09:23:36'),
(1802, 37, 53, '33333333333', 1, '2016-09-14 09:49:35'),
(1803, 37, 53, '12', 1, '2016-09-14 09:50:18'),
(1804, 37, 53, '546464', 1, '2016-09-14 09:50:51'),
(1805, 37, 53, '12', 1, '2016-09-14 09:51:49'),
(1806, 34, 53, 'dsfsdf', 1, '2016-09-14 10:04:55'),
(1807, 34, 53, 'asdad', 1, '2016-09-14 10:05:02'),
(1808, 37, 53, '4444444444', 1, '2016-09-14 10:06:22'),
(1809, 37, 53, 'sadasd', 1, '2016-09-14 10:08:18'),
(1810, 87, 34, 'sada', 1, '2016-09-14 10:10:43'),
(1811, 87, 34, '222', 1, '2016-09-14 10:15:55'),
(1812, 87, 34, '3333', 1, '2016-09-14 10:15:58'),
(1813, 34, 87, '3242', 1, '2016-09-14 10:16:05'),
(1814, 34, 87, 'rtetre', 1, '2016-09-14 10:16:08'),
(1815, 87, 34, 'ertet', 1, '2016-09-14 10:16:13'),
(1816, 34, 87, 'retre <img src="http://ukrbride4u.local/public/img/sm/ls/smile6.png" />', 1, '2016-09-14 10:16:19'),
(1817, 37, 87, 'fgfdgdfg', 1, '2016-09-14 10:37:04'),
(1818, 87, 37, '85782578', 1, '2016-09-14 10:37:10'),
(1819, 37, 87, 'yghjygu', 1, '2016-09-14 10:37:30'),
(1820, 87, 37, 'yhjtygjytgj', 1, '2016-09-14 10:38:07'),
(1821, 87, 37, 'gyjy', 1, '2016-09-14 10:38:08'),
(1822, 87, 37, 'gyj', 1, '2016-09-14 10:38:09'),
(1823, 87, 37, 'dsfdsf', 1, '2016-09-14 10:56:31'),
(1824, 87, 37, 'sdfds', 1, '2016-09-14 10:56:33'),
(1825, 87, 37, 'sdfsdf', 1, '2016-09-14 10:57:00'),
(1826, 87, 37, '2132', 1, '2016-09-14 10:57:02'),
(1827, 87, 37, '21321', 1, '2016-09-14 10:57:04'),
(1828, 37, 87, 'dsfsdf', 1, '2016-09-14 10:57:15'),
(1829, 87, 37, '7686', 1, '2016-09-14 10:57:52'),
(1830, 87, 37, '788', 1, '2016-09-14 10:57:54'),
(1831, 37, 2, '94', 0, '2016-09-14 10:58:12'),
(1832, 87, 37, '9080980', 1, '2016-09-14 10:58:19'),
(1833, 37, 2, 'hjh', 0, '2016-09-14 10:58:22'),
(1834, 87, 37, 'vsregerg', 1, '2016-09-14 11:05:01'),
(1835, 87, 37, '1111', 1, '2016-09-14 11:05:05'),
(1836, 87, 37, 'ewfewf', 1, '2016-09-14 11:07:08'),
(1837, 87, 37, 'ewfewfewf', 1, '2016-09-14 11:07:17'),
(1838, 87, 37, 'ewf', 1, '2016-09-14 11:07:17'),
(1839, 87, 37, 'ewfwe', 1, '2016-09-14 11:07:18'),
(1840, 87, 37, 'f', 1, '2016-09-14 11:07:18'),
(1841, 87, 37, 'ewf', 1, '2016-09-14 11:07:19'),
(1842, 87, 37, 'ewfwefwe', 1, '2016-09-14 11:07:19'),
(1843, 87, 37, 'fwef', 1, '2016-09-14 11:07:19'),
(1844, 87, 37, 'ewf', 1, '2016-09-14 11:07:20'),
(1845, 87, 37, 'we', 1, '2016-09-14 11:07:20'),
(1846, 87, 37, 'fwe', 1, '2016-09-14 11:07:20'),
(1847, 87, 37, 'fwefewf', 1, '2016-09-14 11:07:21'),
(1848, 87, 37, 'we', 1, '2016-09-14 11:07:21'),
(1849, 87, 37, 'fe', 1, '2016-09-14 11:07:21'),
(1850, 87, 37, 'fw', 1, '2016-09-14 11:07:21'),
(1851, 87, 37, 'f', 1, '2016-09-14 11:07:22'),
(1852, 87, 37, 'wef', 1, '2016-09-14 11:07:22'),
(1853, 87, 37, 'wef', 1, '2016-09-14 11:07:23'),
(1854, 87, 37, 'wefewfwe', 1, '2016-09-14 11:07:23'),
(1855, 87, 37, 'fe', 1, '2016-09-14 11:07:23'),
(1856, 87, 37, 'wf', 1, '2016-09-14 11:07:24'),
(1857, 87, 37, 'ew', 1, '2016-09-14 11:07:24'),
(1858, 87, 37, 'few', 1, '2016-09-14 11:07:24'),
(1859, 87, 37, 'f', 1, '2016-09-14 11:07:24'),
(1860, 87, 37, 'wfw', 1, '2016-09-14 11:07:25'),
(1861, 87, 37, 'f', 1, '2016-09-14 11:07:25'),
(1862, 87, 37, 'wf', 1, '2016-09-14 11:07:25'),
(1863, 87, 37, 'wef', 1, '2016-09-14 11:07:26'),
(1864, 87, 37, 'we', 1, '2016-09-14 11:07:26'),
(1865, 87, 37, 'fef', 1, '2016-09-14 11:07:26'),
(1866, 87, 37, 'w', 1, '2016-09-14 11:07:27'),
(1867, 87, 37, 'f', 1, '2016-09-14 11:07:27'),
(1868, 87, 37, 'ew', 1, '2016-09-14 11:07:27'),
(1869, 87, 37, 'f', 1, '2016-09-14 11:07:27'),
(1870, 87, 37, 'fw', 1, '2016-09-14 11:07:28'),
(1871, 87, 37, 'ef', 1, '2016-09-14 11:07:28'),
(1872, 87, 37, 'wef', 1, '2016-09-14 11:07:28'),
(1873, 87, 37, 'sdfsdf', 1, '2016-09-14 11:33:41'),
(1874, 87, 37, 'ass', 1, '2016-09-15 03:57:00'),
(1875, 87, 37, 'asdsa', 1, '2016-09-15 03:57:01'),
(1876, 87, 37, 'asdas', 1, '2016-09-15 03:57:02'),
(1877, 87, 37, 'd', 1, '2016-09-15 03:57:03'),
(1878, 37, 87, 'asd', 1, '2016-09-15 03:58:28'),
(1879, 87, 37, 'sqs', 1, '2016-09-15 03:58:33'),
(1880, 37, 87, 'sac', 1, '2016-09-15 03:58:36'),
(1881, 87, 37, 'dd', 1, '2016-09-15 03:58:39'),
(1882, 37, 87, 'ddddddd', 1, '2016-09-15 03:58:42'),
(1883, 37, 87, 'erewr', 1, '2016-09-16 08:15:01'),
(1884, 87, 37, 'ewr', 1, '2016-09-16 08:15:06'),
(1885, 87, 34, 'dasdsa', 1, '2016-09-16 08:16:02'),
(1886, 34, 87, 'dsdsf', 1, '2016-09-16 08:16:44'),
(1887, 87, 34, '1111111', 1, '2016-09-16 08:16:48'),
(1888, 34, 87, '2222222', 1, '2016-09-16 08:16:51'),
(1889, 87, 34, 'dsfsdf', 1, '2016-09-16 08:16:59'),
(1890, 34, 87, 'retert', 1, '2016-09-16 08:27:32'),
(1891, 34, 87, 'ertert', 1, '2016-09-16 08:27:34'),
(1892, 34, 87, 'ert', 1, '2016-09-16 08:27:34'),
(1893, 34, 87, 'ert', 1, '2016-09-16 08:27:35'),
(1894, 34, 87, 'ret', 1, '2016-09-16 08:27:35'),
(1895, 34, 87, 'ert', 1, '2016-09-16 08:27:36'),
(1896, 37, 87, '333333333333', 1, '2016-09-16 08:29:01'),
(1897, 37, 87, '444444444444', 1, '2016-09-16 08:29:02'),
(1898, 37, 87, '5', 1, '2016-09-16 08:29:03'),
(1899, 37, 87, '56765', 1, '2016-09-16 08:29:24'),
(1900, 87, 34, 'фычыфч', 1, '2016-09-19 04:11:33'),
(1901, 34, 87, 'фычфч', 1, '2016-09-19 04:11:38'),
(1902, 87, 34, 'фычфыч', 1, '2016-09-19 04:11:44'),
(1903, 87, 34, 'фычыфч', 1, '2016-09-19 04:11:46'),
(1904, 87, 34, 'фыч', 1, '2016-09-19 04:11:46'),
(1905, 34, 53, 'фычф', 1, '2016-09-19 04:11:56'),
(1906, 87, 34, 'фычфычф', 1, '2016-09-19 04:12:47'),
(1907, 87, 34, '11', 1, '2016-09-19 04:12:48'),
(1908, 87, 34, '111', 1, '2016-09-19 04:12:49'),
(1909, 87, 34, '222', 1, '2016-09-19 04:12:49'),
(1910, 87, 34, '33', 1, '2016-09-19 04:12:50'),
(1911, 87, 34, '555', 1, '2016-09-19 04:13:38'),
(1912, 87, 34, '54654', 1, '2016-09-19 04:13:39'),
(1913, 87, 34, '6ысвфвфы', 1, '2016-09-19 04:14:48'),
(1914, 87, 34, '678768', 1, '2016-09-19 04:14:50'),
(1915, 87, 34, 'выыва', 1, '2016-09-19 04:14:55'),
(1916, 87, 34, 'выыв', 1, '2016-09-19 04:16:11'),
(1917, 87, 34, 'ыввыаа', 1, '2016-09-19 04:16:16'),
(1918, 87, 34, 'епке', 1, '2016-09-19 04:16:46'),
(1919, 34, 87, '789', 1, '2016-09-19 04:16:51'),
(1920, 87, 34, 'парпап', 1, '2016-09-19 04:18:14'),
(1921, 87, 34, 'апр', 1, '2016-09-19 04:18:15'),
(1922, 87, 34, 'ыавыа', 1, '2016-09-19 04:18:25'),
(1923, 87, 34, 'ыва', 1, '2016-09-19 04:18:26'),
(1924, 87, 34, 'выа', 1, '2016-09-19 04:18:26'),
(1925, 87, 34, 'вы', 1, '2016-09-19 04:18:26'),
(1926, 87, 34, 'а', 1, '2016-09-19 04:18:26'),
(1927, 87, 34, 'выа', 1, '2016-09-19 04:18:27'),
(1928, 87, 34, 'выаыа', 1, '2016-09-19 04:21:02'),
(1929, 87, 34, 'ыва', 1, '2016-09-19 04:21:03'),
(1930, 87, 34, 'веакнккен', 1, '2016-09-19 04:33:15'),
(1931, 87, 34, 'опрорп', 1, '2016-09-19 04:33:24'),
(1932, 87, 34, 'ороьпр', 1, '2016-09-19 04:33:35'),
(1933, 87, 34, 'чвмаыа', 1, '2016-09-19 04:33:58'),
(1934, 34, 53, 'прар', 1, '2016-09-19 04:34:04'),
(1935, 87, 34, 'выаыа', 1, '2016-09-19 04:34:15'),
(1936, 87, 34, 'вапвп', 1, '2016-09-19 04:35:57'),
(1937, 87, 34, 'куеу', 1, '2016-09-19 04:54:07'),
(1938, 87, 34, 'еекуе', 1, '2016-09-19 04:54:07'),
(1939, 87, 34, 'ку', 1, '2016-09-19 04:54:07'),
(1940, 87, 34, 'еку', 1, '2016-09-19 04:54:08'),
(1941, 87, 34, 'еук', 1, '2016-09-19 04:54:08'),
(1942, 87, 34, 'еку', 1, '2016-09-19 04:54:08'),
(1943, 87, 34, 'е', 1, '2016-09-19 04:54:08'),
(1944, 87, 34, 'куе', 1, '2016-09-19 04:54:08'),
(1945, 87, 34, 'куеку', 1, '2016-09-19 04:54:09'),
(1946, 87, 34, 'е', 1, '2016-09-19 04:54:09'),
(1947, 87, 34, 'куе', 1, '2016-09-19 04:54:09'),
(1948, 87, 34, 'ку', 1, '2016-09-19 04:54:09'),
(1949, 87, 34, 'е', 1, '2016-09-19 04:54:09'),
(1950, 87, 34, 'куе', 1, '2016-09-19 04:54:10'),
(1951, 87, 34, 'ку', 1, '2016-09-19 04:54:10'),
(1952, 87, 34, 'еку', 1, '2016-09-19 04:54:10'),
(1953, 87, 34, 'е', 1, '2016-09-19 04:54:10'),
(1954, 87, 34, 'куеку', 1, '2016-09-19 04:54:11'),
(1955, 87, 34, 'еку', 1, '2016-09-19 04:54:11'),
(1956, 87, 34, 'е', 1, '2016-09-19 04:54:11'),
(1957, 87, 34, 'куе', 1, '2016-09-19 04:54:11'),
(1958, 87, 34, 'куе', 1, '2016-09-19 04:54:11'),
(1959, 87, 34, 'ку', 1, '2016-09-19 04:54:11'),
(1960, 87, 34, 'еку', 1, '2016-09-19 04:54:12'),
(1961, 87, 34, 'екуе', 1, '2016-09-19 04:54:12'),
(1962, 87, 34, 'ку', 1, '2016-09-19 04:54:12'),
(1963, 87, 34, 'еку', 1, '2016-09-19 04:54:12'),
(1964, 87, 34, 'е', 1, '2016-09-19 04:54:12'),
(1965, 87, 34, 'куе', 1, '2016-09-19 04:54:13'),
(1966, 87, 34, 'куе', 1, '2016-09-19 04:54:13'),
(1967, 87, 34, 'ку', 1, '2016-09-19 04:54:13'),
(1968, 87, 34, 'е', 1, '2016-09-19 04:54:13'),
(1969, 87, 34, 'куеку', 1, '2016-09-19 04:54:14'),
(1970, 87, 34, 'еку', 1, '2016-09-19 04:54:14'),
(1971, 87, 34, 'еку', 1, '2016-09-19 04:54:14'),
(1972, 87, 34, 'е', 1, '2016-09-19 04:54:14'),
(1973, 87, 34, 'куе', 1, '2016-09-19 04:54:14'),
(1974, 87, 34, 'ку', 1, '2016-09-19 04:54:14'),
(1975, 87, 34, 'еку', 1, '2016-09-19 04:54:15'),
(1976, 87, 37, 'укуцкауц', 1, '2016-09-19 04:54:45'),
(1977, 87, 37, 'цук', 1, '2016-09-19 04:54:45'),
(1978, 87, 37, 'уц', 1, '2016-09-19 04:54:45'),
(1979, 87, 37, 'к', 1, '2016-09-19 04:54:45'),
(1980, 87, 37, 'уцк', 1, '2016-09-19 04:54:46'),
(1981, 87, 37, 'уц', 1, '2016-09-19 04:54:46'),
(1982, 87, 34, 'вкупекуп', 1, '2016-09-19 05:07:07'),
(1983, 87, 34, 'куп', 1, '2016-09-19 05:07:07'),
(1984, 87, 34, 'ку', 1, '2016-09-19 05:07:08'),
(1985, 87, 34, 'п', 1, '2016-09-19 05:07:08'),
(1986, 87, 34, 'уп', 1, '2016-09-19 05:07:08'),
(1987, 87, 34, '34', 1, '2016-09-19 05:07:09'),
(1988, 87, 34, '5', 1, '2016-09-19 05:07:09'),
(1989, 87, 34, 'уцацуа', 1, '2016-09-19 05:12:47'),
(1990, 87, 34, 'цуа', 1, '2016-09-19 05:12:48'),
(1991, 87, 34, 'уц', 1, '2016-09-19 05:12:48'),
(1992, 87, 34, 'а', 1, '2016-09-19 05:12:49'),
(1993, 87, 34, 'укпаку', 1, '2016-09-19 05:13:04'),
(1994, 87, 34, 'dfsd', 1, '2016-09-19 05:26:38'),
(1995, 87, 34, 'sf', 1, '2016-09-19 05:26:38'),
(1996, 87, 34, 'sd', 1, '2016-09-19 05:26:38'),
(1997, 87, 34, 'fds', 1, '2016-09-19 05:26:38'),
(1998, 87, 34, 'f', 1, '2016-09-19 05:26:39'),
(1999, 87, 34, 'asdfsf', 1, '2016-09-19 05:26:49'),
(2000, 87, 34, 'wef', 1, '2016-09-19 05:26:51'),
(2001, 87, 34, 'sdfdsf', 1, '2016-09-19 05:27:35'),
(2002, 87, 34, 'sdfsdf', 1, '2016-09-19 05:29:29'),
(2003, 87, 34, 'efew', 1, '2016-09-19 05:29:51'),
(2004, 87, 34, 'wef', 1, '2016-09-19 05:29:52'),
(2005, 87, 34, 'efewfew', 1, '2016-09-19 05:29:57'),
(2006, 87, 34, 'fthrthtr', 1, '2016-09-19 05:30:23'),
(2007, 87, 34, 'sfsfd', 1, '2016-09-19 05:30:33'),
(2008, 87, 34, 'sdfsdf', 1, '2016-09-19 05:39:59'),
(2009, 87, 34, 'fdsfdsf', 1, '2016-09-19 05:42:41'),
(2010, 87, 34, 'sdcfdsf', 1, '2016-09-19 05:43:02'),
(2011, 87, 34, 'dsf', 1, '2016-09-19 05:43:08'),
(2012, 87, 34, 'dsfdsf', 1, '2016-09-19 05:47:14'),
(2013, 87, 34, 'sdf', 1, '2016-09-19 05:47:17'),
(2014, 87, 34, 'sdcdsc', 1, '2016-09-19 05:48:34'),
(2015, 87, 34, 'sddsc', 1, '2016-09-19 05:48:38'),
(2016, 87, 34, 'dscds', 1, '2016-09-19 05:48:41'),
(2017, 87, 34, 'tfrghrth', 1, '2016-09-19 05:49:10'),
(2018, 87, 34, 'rtht', 1, '2016-09-19 05:49:13'),
(2019, 87, 34, 'gfhgf', 1, '2016-09-19 05:49:16'),
(2020, 87, 34, 'fghgf', 1, '2016-09-19 05:49:19'),
(2021, 87, 34, 'retert', 1, '2016-09-19 05:52:02'),
(2022, 87, 34, 'ertet', 1, '2016-09-19 05:52:05'),
(2023, 87, 34, 'retret', 1, '2016-09-19 05:52:08'),
(2024, 87, 34, 'ertret', 1, '2016-09-19 05:52:11'),
(2025, 87, 34, 'retr', 1, '2016-09-19 05:52:13'),
(2026, 87, 34, 'ret', 1, '2016-09-19 05:52:15'),
(2027, 87, 34, 'regergerg', 1, '2016-09-19 05:53:10'),
(2028, 87, 34, 'gfhgfh', 1, '2016-09-19 05:53:15'),
(2029, 87, 34, 'fghgfh', 1, '2016-09-19 05:53:17'),
(2030, 87, 34, 'fgh', 1, '2016-09-19 05:53:20'),
(2031, 87, 34, 'tgfghrth', 1, '2016-09-19 05:53:35'),
(2032, 87, 34, 'rthrth', 1, '2016-09-19 05:53:38'),
(2033, 87, 34, 'thrth', 1, '2016-09-19 05:53:41'),
(2034, 87, 34, 'rthrth', 1, '2016-09-19 05:53:58'),
(2035, 87, 34, 'trhrh', 1, '2016-09-19 05:54:02'),
(2036, 87, 34, '5r6y56', 1, '2016-09-19 05:55:50'),
(2037, 87, 34, 'fghgfh', 1, '2016-09-19 05:55:53'),
(2038, 87, 34, 'htt', 1, '2016-09-19 05:56:12'),
(2039, 87, 34, 'rthrth', 1, '2016-09-19 05:56:18'),
(2040, 87, 34, 'rth', 1, '2016-09-19 05:56:25'),
(2041, 87, 37, 'dwedew', 1, '2016-09-19 05:58:43'),
(2042, 87, 37, 'weffew', 1, '2016-09-19 05:58:47'),
(2043, 87, 37, 'ewfewf', 1, '2016-09-19 05:58:49'),
(2044, 87, 37, 'dsc', 1, '2016-09-19 06:05:54'),
(2045, 87, 37, 'dsc', 1, '2016-09-19 06:06:08'),
(2046, 87, 37, '4535', 1, '2016-09-19 06:14:56'),
(2047, 87, 37, '345345', 1, '2016-09-19 06:14:59'),
(2048, 87, 37, '345345', 1, '2016-09-19 06:15:02'),
(2049, 87, 37, '55555', 1, '2016-09-19 06:15:04'),
(2050, 87, 37, '666', 1, '2016-09-19 06:15:05'),
(2051, 87, 37, '777', 1, '2016-09-19 06:15:06'),
(2052, 87, 37, '888', 1, '2016-09-19 06:15:07'),
(2053, 87, 37, '99', 1, '2016-09-19 06:15:07'),
(2054, 87, 34, 'sdefew', 1, '2016-09-19 06:32:37');
INSERT INTO `chat` (`id`, `user_id`, `partner_id`, `msg`, `viewed`, `created_at`) VALUES
(2055, 87, 34, 'dsvsv', 1, '2016-09-19 06:46:35'),
(2056, 87, 34, 'sdcsd', 1, '2016-09-19 06:53:32'),
(2057, 87, 34, 'sdcdsc', 1, '2016-09-19 06:53:36'),
(2058, 87, 34, 'dcs', 1, '2016-09-19 06:54:00'),
(2059, 87, 34, 'sdcdsc', 1, '2016-09-19 06:54:03'),
(2060, 87, 34, '111', 1, '2016-09-19 06:54:26'),
(2061, 87, 34, '222', 1, '2016-09-19 06:54:27'),
(2062, 87, 37, 'dsfs', 1, '2016-09-19 06:59:15'),
(2063, 87, 37, 'dscds', 1, '2016-09-19 07:02:28'),
(2064, 87, 37, 'sax', 1, '2016-09-19 07:03:36'),
(2065, 87, 37, 'dsc', 1, '2016-09-19 07:04:16'),
(2066, 87, 37, 'sdc', 1, '2016-09-19 07:04:19'),
(2067, 87, 37, 'dscs', 1, '2016-09-19 07:05:49'),
(2068, 87, 37, 'saas', 1, '2016-09-19 07:06:11'),
(2069, 87, 37, 'cdsc', 1, '2016-09-19 07:06:52'),
(2070, 87, 37, 'sacac', 1, '2016-09-19 07:08:14'),
(2071, 87, 37, 'sdcdsc', 1, '2016-09-19 07:08:38'),
(2072, 87, 34, '454', 1, '2016-09-19 07:10:57'),
(2073, 87, 34, '454', 1, '2016-09-19 07:10:59'),
(2074, 87, 34, '4444', 1, '2016-09-19 07:11:01'),
(2075, 87, 34, '544', 1, '2016-09-19 07:11:19'),
(2076, 87, 34, '45', 1, '2016-09-19 07:11:22'),
(2077, 87, 34, '5454', 1, '2016-09-19 07:11:25'),
(2078, 87, 34, '4584', 1, '2016-09-19 07:11:37'),
(2079, 87, 34, 'zcsd', 1, '2016-09-19 07:12:14'),
(2080, 87, 34, 'sdfdsf', 1, '2016-09-19 07:12:17'),
(2081, 87, 34, 'dsfdsf', 1, '2016-09-19 07:12:20'),
(2082, 87, 34, 'sdfdsf', 1, '2016-09-19 07:12:23'),
(2083, 87, 34, 'dsdsv', 1, '2016-09-19 07:12:33'),
(2084, 87, 34, 'sdvds', 1, '2016-09-19 07:12:36'),
(2085, 86, 34, 'dscdsc', 1, '2016-09-19 07:13:44'),
(2086, 86, 34, 'dfvdfv', 1, '2016-09-19 07:13:48'),
(2087, 37, 87, 'dsf', 0, '2016-09-20 06:54:43'),
(2088, 37, 87, '333', 0, '2016-09-20 06:54:45'),
(2089, 41, 15, 'ewfew', 0, '2016-09-20 08:12:39'),
(2090, 21, 3, 'ewfwf', 1, '2016-09-20 08:37:38'),
(2091, 21, 3, 'wefew', 1, '2016-09-20 08:37:39'),
(2092, 21, 3, 'wefewf', 1, '2016-09-20 08:37:41'),
(2093, 21, 3, 'efwefwef', 1, '2016-09-20 08:37:42'),
(2094, 21, 3, 'fw', 1, '2016-09-20 08:37:42'),
(2095, 21, 3, 'wef', 1, '2016-09-20 08:37:43'),
(2096, 40, 90, 'dsfsdfdsf', 0, '2016-09-20 09:00:46'),
(2097, 40, 90, 'sdfdsf', 0, '2016-09-20 09:00:49'),
(2098, 3, 21, 'sdfdsf', 1, '2016-09-20 09:01:22'),
(2099, 3, 21, 'sdf', 1, '2016-09-20 09:01:24'),
(2100, 3, 21, 'sdfsdf', 1, '2016-09-20 09:01:44'),
(2101, 3, 21, 'sdfsdf', 1, '2016-09-20 09:01:45'),
(2102, 3, 21, 'dsff', 1, '2016-09-20 09:01:55'),
(2103, 3, 21, 'sdfsdf', 1, '2016-09-20 09:01:59'),
(2104, 3, 21, 'sdfsdf', 1, '2016-09-20 09:02:01'),
(2105, 3, 21, 'dsfs', 1, '2016-09-20 09:02:14'),
(2106, 3, 21, 'sdfdsf', 1, '2016-09-20 09:04:35'),
(2107, 3, 21, 'sdfdsf', 1, '2016-09-20 09:04:42'),
(2108, 3, 21, 'dsff', 1, '2016-09-20 09:05:10'),
(2109, 3, 21, 'dsdsf', 1, '2016-09-20 09:07:49'),
(2110, 3, 21, 'asdad', 1, '2016-09-20 09:07:52'),
(2111, 3, 21, 'asd', 1, '2016-09-20 09:07:59'),
(2112, 3, 21, 'sdf', 1, '2016-09-20 09:08:53'),
(2113, 3, 21, 'sdfsd', 1, '2016-09-20 09:09:18'),
(2114, 3, 21, 'sdfsdf', 1, '2016-09-20 09:09:21'),
(2115, 3, 21, 'khkh', 1, '2016-09-20 09:28:04'),
(2116, 3, 21, 'hkhk', 1, '2016-09-20 09:28:07'),
(2117, 3, 21, 'hhk', 1, '2016-09-20 09:28:21'),
(2118, 3, 21, 'hjjgh', 1, '2016-09-20 09:28:25'),
(2119, 3, 21, 'ghjgjg', 1, '2016-09-20 09:28:28'),
(2120, 3, 21, 'jghjgh', 1, '2016-09-20 09:28:35'),
(2121, 3, 21, 'ghjghjg', 1, '2016-09-20 09:28:38'),
(2122, 3, 21, 'фысфы', 1, '2016-09-20 09:43:37'),
(2123, 3, 21, 'фысыфс', 1, '2016-09-20 09:43:40'),
(2124, 3, 21, 'фысыфс', 1, '2016-09-20 09:43:42'),
(2125, 3, 21, 'ыфв', 1, '2016-09-20 09:44:02'),
(2126, 3, 21, 'фывфыв', 1, '2016-09-20 09:44:06'),
(2127, 3, 21, 'фыв', 1, '2016-09-20 09:44:08'),
(2128, 3, 21, 'фывыфв', 1, '2016-09-20 09:44:33'),
(2129, 3, 21, 'фывфыв', 1, '2016-09-20 09:44:36'),
(2130, 3, 21, 'ыфвф', 1, '2016-09-20 09:44:49'),
(2131, 3, 21, 'фыв', 1, '2016-09-20 09:44:52'),
(2132, 3, 21, 'фввв', 1, '2016-09-20 09:45:05'),
(2133, 3, 21, 'фывфв', 1, '2016-09-20 09:45:08'),
(2134, 3, 21, 'уцкк', 1, '2016-09-20 09:45:34'),
(2135, 3, 21, 'уцкуцк', 1, '2016-09-20 09:45:37'),
(2136, 3, 21, 'цуккуц', 1, '2016-09-20 09:45:39'),
(2137, 3, 21, 'уцкцк', 1, '2016-09-20 09:46:27'),
(2138, 3, 21, 'цук', 1, '2016-09-20 09:46:30'),
(2139, 3, 21, 'укуц', 1, '2016-09-20 09:46:37'),
(2140, 3, 21, 'ыфвфв', 1, '2016-09-20 09:47:45'),
(2141, 3, 21, 'ыфвфв', 1, '2016-09-20 09:47:47'),
(2142, 3, 21, 'фывыфв', 1, '2016-09-20 09:47:54'),
(2143, 3, 21, 'ыуакцуа', 1, '2016-09-20 09:48:33'),
(2144, 3, 21, 'уцау', 1, '2016-09-20 09:48:36'),
(2145, 3, 21, 'цуауца', 1, '2016-09-20 09:48:39'),
(2146, 3, 21, 'уацау', 1, '2016-09-20 09:48:43'),
(2147, 3, 21, 'цуауца', 1, '2016-09-20 09:48:45'),
(2148, 3, 21, 'уцаауц', 1, '2016-09-20 09:48:49'),
(2149, 3, 21, 'ывавыа', 1, '2016-09-20 09:49:12'),
(2150, 3, 21, 'ывавы', 1, '2016-09-20 09:49:14'),
(2151, 3, 21, 'фывфы', 1, '2016-09-20 09:49:28'),
(2152, 3, 21, 'ыфв', 1, '2016-09-20 09:49:31'),
(2153, 3, 21, 'ыффв', 1, '2016-09-20 09:49:46'),
(2154, 3, 21, 'цвцйв', 1, '2016-09-20 09:49:57'),
(2155, 3, 21, 'выавыа', 1, '2016-09-20 09:49:59'),
(2156, 3, 21, 'ываы', 1, '2016-09-20 09:50:00'),
(2157, 22, 2, 'выавыа', 0, '2016-09-20 09:50:03'),
(2158, 22, 2, 'ывфв', 0, '2016-09-20 09:50:07'),
(2159, 3, 21, 'фывфв', 1, '2016-09-20 09:51:15'),
(2160, 3, 21, 'фывыфв', 1, '2016-09-20 09:51:33'),
(2161, 3, 21, 'фывф', 1, '2016-09-20 09:51:36'),
(2162, 3, 21, 'ыфвфв', 1, '2016-09-20 09:52:07'),
(2163, 3, 21, 'фывфв', 1, '2016-09-20 09:52:10'),
(2164, 3, 21, 'фывфывыф', 1, '2016-09-20 09:52:18'),
(2165, 3, 21, 'ыфвфы', 1, '2016-09-20 09:53:20'),
(2166, 3, 21, 'ывфвыф', 1, '2016-09-20 09:53:21'),
(2167, 3, 21, 'вфывфыв', 1, '2016-09-20 09:53:22'),
(2168, 3, 21, 'фыв', 1, '2016-09-20 09:53:22'),
(2169, 3, 21, 'фыв', 1, '2016-09-20 09:53:23'),
(2170, 3, 21, 'фыв', 1, '2016-09-20 09:53:23'),
(2171, 3, 21, 'фыв', 1, '2016-09-20 09:53:23'),
(2172, 3, 21, 'sdfsdfds', 1, '2016-09-20 10:19:36'),
(2173, 3, 21, 'sdfdsf', 1, '2016-09-20 10:19:40'),
(2174, 3, 21, 'efw', 1, '2016-09-20 10:33:59'),
(2175, 53, 34, 'sdfdsf', 0, '2016-09-21 03:56:08'),
(2176, 53, 34, 'asdasda', 0, '2016-09-21 03:56:11'),
(2177, 53, 34, 'asdsa', 0, '2016-09-21 03:56:32'),
(2178, 53, 34, 'asdasd', 0, '2016-09-21 03:56:35'),
(2179, 53, 34, 'ddsfdsfds', 0, '2016-09-21 03:56:40'),
(2180, 53, 37, 'wef', 1, '2016-09-21 03:57:05'),
(2181, 53, 37, 'efw', 1, '2016-09-21 03:57:10'),
(2182, 53, 37, 'sdfds', 1, '2016-09-21 03:57:43'),
(2183, 53, 37, 'sdf', 1, '2016-09-21 03:57:48'),
(2184, 53, 37, 'dscfad', 1, '2016-09-21 04:08:27'),
(2185, 53, 37, 'awd', 1, '2016-09-21 04:08:29'),
(2186, 53, 37, 'gyj', 1, '2016-09-21 04:12:05'),
(2187, 53, 37, 'yj', 1, '2016-09-21 04:13:34'),
(2188, 53, 37, '45', 1, '2016-09-21 04:13:37'),
(2189, 53, 37, '545', 1, '2016-09-21 04:31:13'),
(2190, 53, 37, '77878', 1, '2016-09-21 04:31:20'),
(2191, 53, 37, '545', 1, '2016-09-21 04:31:30'),
(2192, 53, 37, '545', 1, '2016-09-21 04:31:38'),
(2193, 53, 37, 'dsfdsf', 1, '2016-09-21 04:53:50'),
(2194, 53, 37, 'sdfsdf', 1, '2016-09-22 06:23:45'),
(2195, 53, 37, 'sdffsd', 1, '2016-09-22 06:23:52'),
(2196, 53, 37, '2313', 1, '2016-09-22 06:23:55'),
(2197, 53, 37, 'ggg', 1, '2016-09-22 06:25:40'),
(2198, 53, 37, 'dsfds', 1, '2016-09-22 06:26:54'),
(2199, 53, 37, 'sadas', 1, '2016-09-22 06:27:12'),
(2200, 53, 37, 'asdasd', 1, '2016-09-22 06:27:13'),
(2201, 53, 37, 'asd', 1, '2016-09-22 06:27:14'),
(2202, 53, 37, 'asd', 1, '2016-09-22 06:27:14'),
(2203, 53, 37, 'as', 1, '2016-09-22 06:27:14'),
(2204, 53, 37, 'das', 1, '2016-09-22 06:27:14'),
(2205, 53, 37, 'd', 1, '2016-09-22 06:27:14'),
(2206, 53, 37, 'asd', 1, '2016-09-22 06:27:15'),
(2207, 53, 37, 'asd', 1, '2016-09-22 06:27:15'),
(2208, 53, 37, 'as', 1, '2016-09-22 06:27:15'),
(2209, 53, 37, 'd', 1, '2016-09-22 06:27:15'),
(2210, 53, 37, 'asd', 1, '2016-09-22 06:27:16'),
(2211, 53, 37, 'asd', 1, '2016-09-22 06:27:16'),
(2212, 53, 37, 'asd', 1, '2016-09-22 06:27:16'),
(2213, 53, 37, 'as', 1, '2016-09-22 06:27:16'),
(2214, 53, 37, 'das', 1, '2016-09-22 06:27:16'),
(2215, 53, 37, 'd', 1, '2016-09-22 06:27:17'),
(2216, 53, 37, 'asd', 1, '2016-09-22 06:27:17'),
(2217, 53, 37, 'asd', 1, '2016-09-22 06:27:17'),
(2218, 53, 37, 'as', 1, '2016-09-22 06:27:17'),
(2219, 53, 37, 'das', 1, '2016-09-22 06:27:18'),
(2220, 53, 37, 'das', 1, '2016-09-22 06:27:18'),
(2221, 53, 37, 'd', 1, '2016-09-22 06:27:18'),
(2222, 53, 37, 'asdasd', 1, '2016-09-22 06:27:19'),
(2223, 53, 37, 'asd', 1, '2016-09-22 06:27:19'),
(2224, 53, 37, 'asd', 1, '2016-09-22 06:27:19'),
(2225, 53, 37, 'as', 1, '2016-09-22 06:27:19'),
(2226, 53, 37, 'ds', 1, '2016-09-22 06:27:20'),
(2227, 53, 37, 'ad', 1, '2016-09-22 06:27:20'),
(2228, 53, 37, 'sa', 1, '2016-09-22 06:27:20'),
(2229, 53, 37, 'das', 1, '2016-09-22 06:27:20'),
(2230, 37, 53, 'yu', 1, '2016-09-22 09:24:55'),
(2231, 37, 53, 'retret', 0, '2016-09-22 09:42:25'),
(2232, 37, 53, 'sfsd', 0, '2016-09-22 09:50:04'),
(2233, 37, 53, 'sfdf', 0, '2016-09-22 09:50:11'),
(2234, 37, 53, 'asdf', 0, '2016-09-22 09:50:13'),
(2235, 37, 53, 'sdf', 0, '2016-09-22 09:50:27'),
(2236, 37, 53, 'xx', 0, '2016-09-23 04:40:33');

-- --------------------------------------------------------

--
-- Структура таблиці `chat_rooms`
--

CREATE TABLE IF NOT EXISTS `chat_rooms` (
  `id` bigint(20) unsigned NOT NULL,
  `man_id` int(11) NOT NULL,
  `lady_id` int(11) NOT NULL,
  `active` tinyint(4) NOT NULL DEFAULT '0',
  `man_delete` tinyint(4) NOT NULL DEFAULT '0',
  `lady_delete` tinyint(4) NOT NULL DEFAULT '0',
  `man_erase` tinyint(4) NOT NULL DEFAULT '0',
  `lady_erase` tinyint(4) NOT NULL DEFAULT '0',
  `created_at` timestamp NOT NULL DEFAULT '0000-00-00 00:00:00',
  `updated_at` timestamp NOT NULL DEFAULT '0000-00-00 00:00:00'
) ENGINE=InnoDB AUTO_INCREMENT=93 DEFAULT CHARSET=utf8 COLLATE=utf8_unicode_ci;

--
-- Дамп даних таблиці `chat_rooms`
--

INSERT INTO `chat_rooms` (`id`, `man_id`, `lady_id`, `active`, `man_delete`, `lady_delete`, `man_erase`, `lady_erase`, `created_at`, `updated_at`) VALUES
(1, 15, 22, 0, 0, 0, 0, 0, '2016-01-26 06:58:35', '2016-01-26 06:58:35'),
(2, 16, 22, 0, 0, 0, 0, 0, '2016-02-16 18:35:08', '2016-02-16 18:35:08'),
(3, 2, 44, 0, 1, 0, 0, 0, '2016-03-30 05:34:24', '2016-03-30 05:37:06'),
(4, 2, 42, 0, 1, 0, 0, 0, '2016-03-30 06:11:38', '2016-03-30 06:12:03'),
(5, 2, 38, 0, 0, 0, 0, 0, '2016-03-30 09:16:08', '2016-03-31 06:14:54'),
(6, 3, 23, 0, 0, 0, 0, 0, '2016-03-30 09:58:31', '2016-03-30 09:58:31'),
(7, 55, 31, 0, 0, 0, 0, 0, '2016-03-30 10:02:57', '2016-03-30 10:02:57'),
(8, 55, 38, 0, 0, 0, 0, 0, '2016-03-30 10:15:59', '2016-03-30 10:15:59'),
(9, 15, 49, 0, 0, 1, 0, 0, '2016-03-30 10:21:02', '2016-03-30 10:21:02'),
(10, 55, 37, 0, 0, 1, 0, 0, '2016-03-30 11:05:53', '2016-09-13 09:03:28'),
(11, 55, 27, 0, 0, 1, 0, 0, '2016-03-30 11:29:09', '2016-09-20 06:13:30'),
(12, 15, 27, 0, 1, 0, 0, 0, '2016-03-30 11:30:36', '2016-03-31 08:23:43'),
(13, 4, 42, 0, 0, 0, 0, 0, '2016-03-30 12:04:36', '2016-03-30 12:04:36'),
(14, 18, 42, 0, 0, 0, 0, 0, '2016-03-30 12:09:00', '2016-03-30 12:09:00'),
(15, 25, 40, 0, 0, 0, 0, 0, '2016-03-31 05:20:30', '2016-03-31 05:20:30'),
(16, 2, 23, 0, 1, 0, 0, 0, '2016-03-31 06:14:36', '2016-03-31 06:14:45'),
(17, 2, 64, 0, 1, 0, 0, 0, '2016-03-31 06:40:48', '2016-04-04 09:27:15'),
(18, 2, 39, 0, 1, 1, 0, 0, '2016-03-31 10:22:32', '2016-06-29 22:36:54'),
(19, 2, 22, 0, 0, 0, 0, 0, '2016-04-04 09:37:21', '2016-04-04 09:37:24'),
(20, 2, 31, 0, 1, 0, 0, 0, '2016-04-04 09:40:07', '2016-04-04 09:40:07'),
(21, 2, 37, 0, 0, 1, 0, 0, '2016-04-04 09:41:31', '2016-09-19 06:24:32'),
(22, 2, 36, 0, 1, 0, 0, 0, '2016-04-04 09:42:08', '2016-04-04 09:42:09'),
(23, 2, 27, 0, 1, 0, 0, 0, '2016-04-04 10:07:22', '2016-04-04 10:07:24'),
(24, 2, 34, 0, 1, 1, 0, 0, '2016-04-04 10:22:48', '2016-09-14 09:18:05'),
(25, 2, 48, 0, 1, 0, 0, 0, '2016-04-04 10:24:05', '2016-04-04 10:24:05'),
(26, 2, 30, 0, 1, 0, 0, 0, '2016-04-04 10:34:50', '2016-04-04 10:34:52'),
(27, 2, 32, 0, 1, 0, 0, 0, '2016-04-04 10:51:52', '2016-04-04 10:51:55'),
(28, 2, 21, 0, 1, 1, 0, 0, '2016-04-04 10:54:24', '2016-09-03 16:55:40'),
(29, 2, 26, 0, 1, 0, 0, 0, '2016-04-04 10:57:56', '2016-04-04 10:57:59'),
(30, 2, 40, 0, 1, 0, 0, 0, '2016-04-04 12:03:33', '2016-04-04 12:03:35'),
(31, 20, 69, 0, 1, 0, 0, 0, '2016-06-27 10:45:31', '2016-07-14 15:23:39'),
(32, 20, 23, 0, 1, 0, 0, 0, '2016-06-27 22:09:07', '2016-07-14 15:23:42'),
(33, 2, 69, 0, 0, 0, 0, 0, '2016-06-28 18:33:36', '2016-06-30 09:57:36'),
(34, 20, 27, 0, 0, 0, 0, 0, '2016-07-15 11:08:30', '2016-07-15 11:08:30'),
(35, 63, 52, 0, 1, 0, 0, 0, '2016-07-20 11:02:18', '2016-07-20 11:02:30'),
(36, 29, 34, 0, 0, 1, 0, 0, '2016-08-24 13:28:43', '2016-09-14 09:18:04'),
(37, 94, 21, 0, 1, 0, 1, 0, '2016-08-25 18:30:54', '2016-09-12 14:47:39'),
(38, 29, 21, 0, 0, 0, 0, 0, '2016-08-26 17:51:23', '2016-08-26 17:51:23'),
(39, 67, 22, 0, 1, 1, 0, 0, '2016-08-28 10:26:37', '2016-09-20 08:36:26'),
(40, 96, 28, 0, 0, 0, 0, 0, '2016-08-28 10:36:56', '2016-08-28 10:36:56'),
(41, 99, 98, 0, 0, 0, 0, 0, '2016-08-28 18:08:33', '2016-08-29 12:32:15'),
(42, 99, 89, 0, 0, 0, 0, 0, '2016-08-28 20:09:46', '2016-08-28 20:09:46'),
(43, 99, 70, 0, 0, 0, 0, 0, '2016-08-28 20:13:38', '2016-08-28 20:13:38'),
(44, 94, 34, 0, 1, 1, 1, 0, '2016-08-29 05:01:57', '2016-09-14 09:18:03'),
(45, 19, 27, 0, 1, 1, 0, 0, '2016-08-29 09:25:56', '2016-09-20 06:13:40'),
(46, 19, 75, 0, 1, 0, 0, 0, '2016-08-29 09:27:51', '2016-08-30 05:14:30'),
(47, 19, 89, 0, 0, 0, 0, 0, '2016-08-29 09:28:00', '2016-09-05 07:17:23'),
(48, 19, 68, 0, 1, 0, 0, 0, '2016-08-29 09:29:30', '2016-08-30 05:14:26'),
(49, 1, 81, 0, 0, 0, 0, 0, '2016-08-30 04:03:28', '2016-09-06 05:29:57'),
(50, 19, 98, 0, 1, 0, 0, 0, '2016-08-30 06:00:33', '2016-08-30 06:00:57'),
(51, 19, 74, 0, 1, 0, 0, 0, '2016-08-31 09:59:26', '2016-09-01 03:52:19'),
(52, 97, 28, 0, 0, 0, 0, 0, '2016-08-31 19:26:38', '2016-09-07 20:47:12'),
(53, 94, 92, 0, 1, 0, 1, 0, '2016-09-02 20:06:21', '2016-09-07 22:32:29'),
(54, 97, 92, 0, 0, 0, 0, 0, '2016-09-02 20:17:27', '2016-09-02 20:17:27'),
(55, 94, 89, 0, 1, 0, 1, 0, '2016-09-02 20:20:45', '2016-09-10 01:58:38'),
(56, 97, 89, 0, 0, 0, 0, 0, '2016-09-02 20:26:59', '2016-09-02 20:26:59'),
(57, 2, 89, 0, 0, 0, 0, 0, '2016-09-02 20:31:12', '2016-09-02 20:31:12'),
(58, 94, 70, 0, 1, 0, 1, 0, '2016-09-02 21:03:06', '2016-09-07 22:32:19'),
(59, 53, 54, 0, 0, 0, 0, 0, '2016-09-05 06:33:00', '2016-09-06 06:03:03'),
(60, 19, 49, 0, 0, 0, 0, 0, '2016-09-05 11:15:02', '2016-09-06 07:04:01'),
(61, 102, 54, 0, 0, 0, 0, 0, '2016-09-05 20:02:08', '2016-09-12 13:17:02'),
(62, 94, 54, 0, 0, 0, 0, 0, '2016-09-05 20:22:27', '2016-09-12 14:47:37'),
(63, 17, 81, 0, 1, 0, 0, 0, '2016-09-06 04:40:03', '2016-09-09 07:23:13'),
(64, 53, 37, 0, 0, 0, 0, 0, '2016-09-06 05:52:33', '2016-09-22 06:31:56'),
(65, 102, 70, 0, 1, 0, 1, 0, '2016-09-07 19:21:01', '2016-09-10 00:41:04'),
(66, 102, 28, 0, 1, 0, 1, 0, '2016-09-07 19:32:46', '2016-09-10 00:41:08'),
(67, 97, 70, 0, 0, 0, 0, 0, '2016-09-07 20:00:18', '2016-09-07 20:00:18'),
(68, 102, 92, 0, 1, 0, 1, 0, '2016-09-07 20:15:23', '2016-09-10 00:41:06'),
(69, 73, 81, 0, 0, 0, 0, 0, '2016-09-09 07:14:06', '2016-09-09 07:14:06'),
(70, 19, 81, 0, 0, 0, 0, 0, '2016-09-09 07:19:20', '2016-09-13 10:07:30'),
(71, 17, 52, 0, 0, 0, 0, 0, '2016-09-13 04:42:31', '2016-09-13 04:50:33'),
(72, 94, 37, 0, 0, 1, 0, 0, '2016-09-13 09:00:47', '2016-09-19 06:24:34'),
(73, 19, 53, 0, 0, 0, 0, 0, '2016-09-14 06:07:25', '2016-09-14 06:07:25'),
(74, 19, 2, 0, 0, 0, 0, 0, '2016-09-14 06:12:38', '2016-09-14 06:12:38'),
(75, 2, 19, 0, 0, 0, 0, 0, '2016-09-14 06:13:52', '2016-09-14 06:13:52'),
(76, 53, 19, 0, 0, 0, 0, 0, '2016-09-14 06:14:54', '2016-09-14 06:14:54'),
(77, 94, 19, 0, 0, 0, 0, 0, '2016-09-14 06:15:01', '2016-09-14 06:15:01'),
(78, 53, 70, 0, 0, 0, 0, 0, '2016-09-14 08:59:28', '2016-09-14 09:04:09'),
(79, 53, 34, 0, 0, 0, 0, 0, '2016-09-14 09:04:22', '2016-09-23 11:26:05'),
(80, 87, 34, 0, 0, 0, 0, 0, '2016-09-14 10:10:36', '2016-09-20 07:00:09'),
(81, 87, 19, 0, 1, 0, 0, 0, '2016-09-14 10:15:47', '2016-09-16 08:15:24'),
(82, 87, 37, 0, 0, 0, 0, 0, '2016-09-14 10:36:48', '2016-09-20 07:00:09'),
(83, 86, 34, 0, 0, 0, 0, 0, '2016-09-19 07:13:33', '2016-09-20 07:00:09'),
(84, 86, 19, 0, 0, 0, 0, 0, '2016-09-19 08:41:00', '2016-09-19 08:41:00'),
(85, 29, 19, 0, 0, 0, 0, 0, '2016-09-19 08:42:38', '2016-09-19 08:42:38'),
(86, 15, 41, 0, 0, 0, 0, 0, '2016-09-20 08:12:35', '2016-09-20 08:12:35'),
(87, 45, 41, 0, 0, 0, 0, 0, '2016-09-20 08:13:46', '2016-09-20 08:13:46'),
(88, 5, 37, 0, 0, 0, 0, 0, '2016-09-20 08:20:45', '2016-09-20 08:20:45'),
(89, 20, 37, 0, 0, 0, 0, 0, '2016-09-20 08:34:39', '2016-09-20 08:34:39'),
(90, 3, 21, 0, 0, 0, 0, 0, '2016-09-20 08:36:48', '2016-09-21 03:55:43'),
(91, 73, 44, 0, 0, 0, 0, 0, '2016-09-20 09:00:11', '2016-09-20 09:00:11'),
(92, 90, 40, 0, 0, 0, 0, 0, '2016-09-20 09:00:26', '2016-09-20 09:00:26');

-- --------------------------------------------------------

--
-- Структура таблиці `chat_rooms_log`
--

CREATE TABLE IF NOT EXISTS `chat_rooms_log` (
  `id` bigint(20) unsigned NOT NULL,
  `chat_room_id` bigint(20) unsigned NOT NULL,
  `start_time` timestamp NOT NULL DEFAULT '0000-00-00 00:00:00',
  `payment_time` timestamp NULL DEFAULT NULL,
  `end_time` timestamp NULL DEFAULT NULL,
  `paid_complete` tinyint(4) NOT NULL DEFAULT '0',
  `paid` decimal(9,3) NOT NULL DEFAULT '0.000'
) ENGINE=InnoDB AUTO_INCREMENT=86 DEFAULT CHARSET=utf8 COLLATE=utf8_unicode_ci;

--
-- Дамп даних таблиці `chat_rooms_log`
--

INSERT INTO `chat_rooms_log` (`id`, `chat_room_id`, `start_time`, `payment_time`, `end_time`, `paid_complete`, `paid`) VALUES
(1, 3, '2016-03-30 05:34:46', '2016-09-06 05:29:57', '2016-09-06 05:29:57', 1, '230395.183'),
(2, 4, '2016-03-30 06:12:03', '2016-09-06 05:29:57', '2016-09-06 05:29:57', 1, '230357.900'),
(3, 5, '2016-03-30 09:16:12', '2016-03-30 09:16:25', '2016-03-30 09:16:25', 1, '0.217'),
(4, 16, '2016-04-04 11:10:05', '2016-09-06 05:29:57', '2016-09-06 05:29:57', 1, '222859.867'),
(5, 5, '2016-03-31 06:14:54', '2016-09-06 05:29:57', '2016-09-06 05:29:57', 1, '228915.050'),
(6, 18, '2016-03-31 10:22:38', '2016-03-31 10:23:06', '2016-03-31 10:23:06', 1, '0.467'),
(7, 18, '2016-03-31 10:23:15', '2016-09-06 05:29:57', '2016-09-06 05:29:57', 1, '228666.700'),
(8, 17, '2016-04-04 09:27:15', '2016-09-06 05:29:57', '2016-09-06 05:29:57', 1, '222962.700'),
(9, 19, '2016-04-04 09:37:24', '2016-09-06 05:29:57', '2016-09-06 05:29:57', 1, '222952.550'),
(10, 21, '2016-04-04 09:41:31', '2016-09-06 05:29:57', '2016-09-06 05:29:57', 1, '222948.433'),
(11, 22, '2016-04-04 09:42:09', '2016-09-06 05:29:57', '2016-09-06 05:29:57', 1, '222947.800'),
(12, 23, '2016-04-04 10:17:04', '2016-09-06 05:29:57', '2016-09-06 05:29:57', 1, '222912.883'),
(13, 24, '2016-04-04 10:22:50', '2016-09-06 05:29:57', '2016-09-06 05:29:57', 1, '222907.117'),
(14, 25, '2016-04-04 11:12:16', '2016-09-06 05:29:57', '2016-09-06 05:29:57', 1, '222857.683'),
(15, 26, '2016-04-04 10:34:52', '2016-09-06 05:29:57', '2016-09-06 05:29:57', 1, '222895.083'),
(16, 27, '2016-04-04 11:06:37', '2016-09-06 05:29:57', '2016-09-06 05:29:57', 1, '222863.333'),
(17, 28, '2016-04-04 10:54:26', '2016-09-06 05:29:57', '2016-09-06 05:29:57', 1, '222875.517'),
(18, 29, '2016-04-04 10:57:59', '2016-09-06 05:29:57', '2016-09-06 05:29:57', 1, '222871.967'),
(19, 30, '2016-04-04 12:03:35', '2016-09-06 05:29:57', '2016-09-06 05:29:57', 1, '222806.367'),
(20, 33, '2016-06-28 18:38:13', '2016-06-28 19:01:21', '2016-06-28 19:01:21', 1, '23.133'),
(21, 33, '2016-06-29 23:16:01', '2016-06-30 09:57:36', '2016-06-30 09:57:36', 1, '641.583'),
(22, 45, '2016-08-29 09:26:01', '2016-09-06 05:29:57', '2016-09-06 05:29:57', 1, '11283.933'),
(23, 46, '2016-08-29 09:27:53', '2016-08-30 03:19:55', '2016-08-30 03:19:55', 1, '1072.033'),
(24, 47, '2016-08-29 09:28:02', '2016-08-30 03:20:00', '2016-08-30 03:20:00', 1, '1071.967'),
(25, 48, '2016-08-29 09:29:33', '2016-08-30 03:19:50', '2016-08-30 03:19:50', 1, '1070.283'),
(26, 41, '2016-08-29 12:15:06', '2016-08-29 12:32:15', '2016-08-29 12:32:15', 1, '17.150'),
(27, 47, '2016-08-30 03:44:06', '2016-08-30 03:59:50', '2016-08-30 03:59:50', 1, '15.733'),
(28, 49, '2016-08-30 04:03:32', '2016-09-06 05:29:57', '2016-09-06 05:29:57', 1, '10166.417'),
(29, 47, '2016-08-30 04:07:57', '2016-08-30 05:05:48', '2016-08-30 05:05:48', 1, '57.850'),
(30, 47, '2016-08-30 05:16:53', '2016-08-30 05:27:06', '2016-08-30 05:27:06', 1, '10.217'),
(31, 47, '2016-08-30 05:35:34', '2016-08-30 05:40:50', '2016-08-30 05:40:50', 1, '5.267'),
(32, 47, '2016-08-30 05:41:37', '2016-08-30 06:00:53', '2016-08-30 06:00:53', 1, '19.267'),
(33, 47, '2016-08-30 06:08:02', '2016-08-30 06:08:02', '2016-08-30 06:08:02', 1, '0.000'),
(34, 47, '2016-08-30 06:08:07', '2016-08-31 08:20:12', '2016-08-31 08:20:12', 1, '1572.083'),
(35, 47, '2016-08-31 08:42:18', '2016-08-31 10:03:03', '2016-08-31 10:03:03', 1, '80.750'),
(36, 51, '2016-08-31 09:59:39', '2016-08-31 10:00:24', '2016-08-31 10:00:24', 1, '0.750'),
(38, 47, '2016-09-01 03:53:27', '2016-09-01 04:22:44', '2016-09-01 04:22:44', 1, '29.283'),
(39, 37, '2016-09-02 20:05:29', '2016-09-02 20:33:56', '2016-09-02 20:33:56', 1, '28.450'),
(40, 37, '2016-09-02 20:33:56', '2016-09-02 20:33:56', '2016-09-02 20:33:56', 1, '0.000'),
(41, 37, '2016-09-02 20:33:57', '2016-09-02 20:33:57', '2016-09-02 20:33:57', 1, '0.000'),
(42, 37, '2016-09-02 20:33:57', '2016-09-02 20:33:57', '2016-09-02 20:33:57', 1, '0.000'),
(43, 37, '2016-09-02 20:33:57', '2016-09-02 20:33:57', '2016-09-02 20:33:57', 1, '0.000'),
(44, 37, '2016-09-02 20:33:58', '2016-09-02 20:33:58', '2016-09-02 20:33:58', 1, '0.000'),
(45, 37, '2016-09-02 20:34:35', '2016-09-06 05:29:57', '2016-09-06 05:29:57', 1, '4855.367'),
(46, 52, '2016-09-02 20:51:01', '2016-09-02 21:57:47', '2016-09-02 21:57:47', 1, '66.767'),
(47, 47, '2016-09-05 06:22:51', '2016-09-05 06:32:12', '2016-09-05 06:32:12', 1, '9.350'),
(48, 59, '2016-09-05 06:33:02', '2016-09-05 06:38:04', '2016-09-05 06:38:04', 1, '5.033'),
(49, 59, '2016-09-05 06:38:35', '2016-09-05 06:42:37', '2016-09-05 06:42:37', 1, '4.033'),
(50, 47, '2016-09-05 06:48:25', '2016-09-05 06:50:37', '2016-09-05 06:50:37', 1, '2.200'),
(51, 47, '2016-09-05 06:54:20', '2016-09-05 06:57:07', '2016-09-05 06:57:07', 1, '2.783'),
(52, 47, '2016-09-05 06:57:36', '2016-09-05 06:58:12', '2016-09-05 06:58:12', 1, '0.600'),
(53, 47, '2016-09-05 07:10:45', '2016-09-05 07:17:23', '2016-09-05 07:17:23', 1, '6.633'),
(54, 61, '2016-09-05 20:11:11', '2016-09-06 05:29:57', '2016-09-06 05:29:57', 1, '558.767'),
(55, 62, '2016-09-05 20:26:31', '2016-09-06 05:29:57', '2016-09-06 05:29:57', 1, '543.433'),
(56, 60, '2016-09-06 04:42:48', '2016-09-06 05:30:13', '2016-09-06 05:30:13', 1, '47.417'),
(57, 59, '2016-09-06 05:55:36', '2016-09-06 05:56:11', '2016-09-06 05:56:11', 1, '0.584'),
(58, 59, '2016-09-06 05:57:57', '2016-09-06 06:03:03', '2016-09-06 06:03:03', 1, '5.100'),
(59, 60, '2016-09-06 06:01:42', '2016-09-06 06:01:51', '2016-09-06 06:01:51', 1, '0.150'),
(60, 60, '2016-09-06 06:02:37', '2016-09-06 06:12:02', '2016-09-06 06:12:02', 1, '9.415'),
(61, 60, '2016-09-06 07:00:07', '2016-09-06 07:04:01', '2016-09-06 07:04:01', 1, '1.950'),
(62, 61, '2016-09-07 19:53:23', '2016-09-07 20:39:01', '2016-09-07 20:39:01', 1, '22.816'),
(63, 52, '2016-09-07 20:27:33', '2016-09-07 20:44:45', '2016-09-07 20:44:45', 1, '8.600'),
(64, 52, '2016-09-07 20:45:37', '2016-09-07 20:47:12', '2016-09-07 20:47:12', 1, '0.792'),
(65, 61, '2016-09-07 20:45:40', '2016-09-07 20:56:31', '2016-09-07 20:56:31', 1, '5.425'),
(66, 61, '2016-09-07 20:57:17', '2016-09-07 21:05:01', '2016-09-07 21:05:01', 1, '3.867'),
(67, 61, '2016-09-11 19:09:13', '2016-09-11 19:32:01', '2016-09-11 19:32:01', 1, '11.400'),
(68, 61, '2016-09-11 19:39:00', '2016-09-11 20:07:01', '2016-09-11 20:07:01', 1, '14.007'),
(69, 61, '2016-09-12 13:06:18', '2016-09-12 13:17:02', '2016-09-12 13:17:02', 1, '5.366'),
(70, 71, '2016-09-13 04:49:46', '2016-09-13 04:50:33', '2016-09-13 04:50:33', 1, '0.391'),
(71, 70, '2016-09-13 10:07:21', '2016-09-13 10:07:30', '2016-09-13 10:07:30', 1, '0.045'),
(72, 64, '2016-09-14 08:07:49', '2016-09-14 08:28:09', '2016-09-14 08:28:09', 1, '6.100'),
(73, 64, '2016-09-14 08:34:58', '2016-09-14 09:04:12', '2016-09-14 09:04:12', 1, '8.770'),
(74, 78, '2016-09-14 08:59:30', '2016-09-14 09:04:09', '2016-09-14 09:04:09', 1, '1.395'),
(75, 79, '2016-09-14 09:04:24', '2016-09-20 07:00:09', '2016-09-20 07:00:09', 1, '2554.725'),
(76, 80, '2016-09-14 10:10:40', '2016-09-14 10:16:31', '2016-09-14 10:16:31', 1, '1.755'),
(77, 82, '2016-09-14 10:36:50', '2016-09-19 06:59:05', '2016-09-19 06:59:05', 1, '2094.675'),
(78, 80, '2016-09-16 08:15:59', '2016-09-19 04:16:56', '2016-09-19 04:16:56', 1, '1224.285'),
(79, 80, '2016-09-19 04:18:10', '2016-09-19 06:25:10', '2016-09-19 06:25:10', 1, '38.100'),
(80, 80, '2016-09-19 06:25:24', '2016-09-20 07:00:09', '2016-09-20 07:00:09', 1, '442.425'),
(81, 82, '2016-09-19 06:59:09', '2016-09-20 07:00:09', '2016-09-20 07:00:09', 1, '432.300'),
(82, 83, '2016-09-19 07:13:36', '2016-09-20 07:00:09', '2016-09-20 07:00:09', 1, '427.965'),
(83, 90, '2016-09-20 09:01:19', '2016-09-21 03:55:43', '2016-09-21 03:55:43', 1, '340.320'),
(84, 79, '2016-09-21 03:56:03', '2016-09-23 11:26:05', '2016-09-23 11:26:05', 1, '999.010'),
(85, 64, '2016-09-21 03:57:00', '2016-09-22 06:31:56', '2016-09-22 06:31:56', 1, '478.480');

-- --------------------------------------------------------

--
-- Структура таблиці `choise_admin_users`
--

CREATE TABLE IF NOT EXISTS `choise_admin_users` (
  `id_primary` int(10) unsigned NOT NULL,
  `id` tinyint(4) NOT NULL DEFAULT '19',
  `sex` varchar(5) COLLATE utf8_unicode_ci NOT NULL DEFAULT 'w',
  `created_at` timestamp NOT NULL DEFAULT '0000-00-00 00:00:00',
  `updated_at` timestamp NOT NULL DEFAULT '0000-00-00 00:00:00'
) ENGINE=InnoDB DEFAULT CHARSET=utf8 COLLATE=utf8_unicode_ci;

-- --------------------------------------------------------

--
-- Структура таблиці `gifts`
--

CREATE TABLE IF NOT EXISTS `gifts` (
  `id` int(10) unsigned NOT NULL,
  `title` varchar(255) COLLATE utf8_unicode_ci DEFAULT NULL,
  `price` varchar(255) COLLATE utf8_unicode_ci DEFAULT NULL,
  `oldprice` varchar(255) COLLATE utf8_unicode_ci DEFAULT NULL,
  `isreal` tinyint(4) NOT NULL DEFAULT '0',
  `image` varchar(255) COLLATE utf8_unicode_ci DEFAULT NULL
) ENGINE=InnoDB AUTO_INCREMENT=25 DEFAULT CHARSET=utf8 COLLATE=utf8_unicode_ci;

--
-- Дамп даних таблиці `gifts`
--

INSERT INTO `gifts` (`id`, `title`, `price`, `oldprice`, `isreal`, `image`) VALUES
(1, '1', '0.1', '0.1', 0, '2kolca.png'),
(2, '1', '0.1', '0.1', 0, 'cvety.png'),
(3, '1', '0.1', '0.1', 0, 'kolco.png'),
(4, '1', '0.1', '0.1', 0, 'mischka.png'),
(5, '1', '0.1', '0.1', 0, 'zayac.png'),
(6, '1', '0.1', '0.1', 0, 'buket.png'),
(7, '1', '0.1', '0.1', 0, 'izumrud.png'),
(8, '1', '0.1', '0.1', 0, 'lubov.png'),
(9, '1', '0.1', '0.1', 0, 'poceluy.png'),
(10, 'Basket of flowers', '50', '0.1', 1, 'Basket of flowers.jpg'),
(11, 'Basket of food', '60', '0.1', 1, 'Basket of food.jpg'),
(12, 'Basket of fruits', '30', '0.1', 1, 'Basket of fruits.jpg'),
(13, 'Big toy', '40', '0.1', 1, 'Big toy.jpg'),
(14, 'Black Opium, Yves Saint Laurent, 50ml', '90', '0.1', 1, 'Black Opium, Yves Saint Laurent, 50ml.jpg'),
(15, 'Chanel Chance Eau Vive', '80', '0.1', 1, 'Chanel Chance Eau Vive.jpg'),
(16, 'Dolce Floral Drops, Dolce&Gabbana (50 ml)', '90', '0.1', 1, 'Dolce Floral Drops, Dolce&Gabbana (50 ml).jpg'),
(17, 'Huge toy', '100', '0.1', 1, 'huge toy.jpg'),
(18, 'Chocolate Candies', '10', '0.1', 1, 'Chocolate Candies.jpg'),
(19, 'Flower composition', '50', '0.1', 1, 'Flower composition.jpg'),
(20, 'Medium toy', '30', '0.1', 1, 'Medium toy.jpg'),
(21, 'Si Giorgio Armani, 50 ml', '90', '0.1', 1, 'Si Giorgio Armani, 50 ml.jpg'),
(22, 'Small toy', '15', '0.1', 1, 'Small toy.jpg'),
(23, 'White pink roses', '40', '0.1', 1, 'White pink roses.jpg'),
(24, 'White small roses', '40', '0.1', 1, 'White small roses.jpg');

-- --------------------------------------------------------

--
-- Структура таблиці `mail`
--

CREATE TABLE IF NOT EXISTS `mail` (
  `id` int(10) unsigned NOT NULL,
  `user_id` int(11) NOT NULL,
  `partner_id` int(11) NOT NULL,
  `msg` text COLLATE utf8_unicode_ci NOT NULL,
  `ArrayIdGifts` varchar(255) COLLATE utf8_unicode_ci NOT NULL,
  `Imagedounload` varchar(255) COLLATE utf8_unicode_ci NOT NULL,
  `viewed` tinyint(4) NOT NULL DEFAULT '0',
  `user_delete` tinyint(4) NOT NULL DEFAULT '0',
  `partner_delete` tinyint(4) NOT NULL DEFAULT '0',
  `user_erase` tinyint(4) NOT NULL DEFAULT '0',
  `partner_erase` tinyint(4) NOT NULL DEFAULT '0',
  `created_at` timestamp NOT NULL DEFAULT '0000-00-00 00:00:00'
) ENGINE=InnoDB AUTO_INCREMENT=55 DEFAULT CHARSET=utf8 COLLATE=utf8_unicode_ci;

--
-- Дамп даних таблиці `mail`
--

INSERT INTO `mail` (`id`, `user_id`, `partner_id`, `msg`, `ArrayIdGifts`, `Imagedounload`, `viewed`, `user_delete`, `partner_delete`, `user_erase`, `partner_erase`, `created_at`) VALUES
(1, 13, 11, 'Hello!', '', '1447431573.66891000.png', 0, 0, 0, 0, 0, '2015-11-13 14:19:33'),
(2, 15, 27, 'xjgsdhdvgjbklfcvjdzsvh b', '', '', 1, 0, 0, 0, 0, '2016-03-30 10:26:54'),
(3, 55, 37, 'опаофвпыолимифоифцпм ифылоим', '', '', 1, 0, 0, 0, 0, '2016-03-30 10:51:04'),
(4, 55, 37, '21758FHSJGBKJVBJSVGBJDXZVN', '', '', 1, 1, 1, 1, 0, '2016-03-30 10:51:33'),
(5, 37, 55, 'Answer))', '', '', 1, 0, 0, 0, 0, '2016-03-30 11:09:34'),
(6, 64, 15, 'gfhjhjjkjj', '', '1459416227.22089200.png', 1, 0, 0, 0, 0, '2016-03-31 06:23:47'),
(7, 55, 27, 'привет', '', '1459424950.68367900.png', 1, 0, 0, 0, 0, '2016-03-31 08:49:10'),
(8, 67, 22, 'Hello.  How are you?', '', '', 1, 0, 0, 0, 0, '2016-05-21 18:31:48'),
(9, 19, 49, 'test', '2', '', 1, 0, 0, 0, 0, '2016-05-31 10:32:05'),
(10, 20, 69, 'Hello Anna!  I am glad to see you hear!', '', '1467035125.79401700.png', 1, 0, 0, 0, 0, '2016-06-27 10:45:26'),
(11, 69, 20, 'Hello, Chris!:)\r\nI didn''t have electricity yesterday! Maybe we can try to chat today? ;)', '', '1467060143.34873900.png', 1, 0, 0, 0, 0, '2016-06-27 17:42:23'),
(12, 20, 69, 'Yes Anna, We can chat here!', '', '', 1, 0, 0, 0, 0, '2016-06-28 18:12:18'),
(13, 20, 69, 'Anna Honey, let''s meet, OK?  I want to see you.\r\n\r\nKisses,\r\n\r\nChris', '', '', 1, 0, 0, 0, 0, '2016-07-07 14:20:40'),
(14, 19, 49, 'test 2', '1,2,3', '', 1, 0, 0, 0, 0, '2016-08-05 04:37:30'),
(15, 94, 21, 'Hello the credits have finally appeared, so I can talk now just need you to be online....', '', '', 1, 1, 0, 1, 0, '2016-08-26 15:23:04'),
(16, 2, 81, 'Hello, dear .\r\nHow are you today? \r\nMaybe you are the person that I am looking for. I need honesty, loyalty, fidelity man. And I hope that you are just such a man, the man of my dreams. I think that we have to know each other better.\r\nI''m a person who believes in true love and that location, age or nationality of no importance for true feelings. I''m a cheerful woman, who enjoys life and every new day that comes. The only one thing I miss is my soul mate. I want to meet a good man and to build relations based on love, trust, respect. \r\nOf course I''ll be glad of our meeting, so if you have the desire I''m ready. I would love to meet you closer because I got acquainted with your profile and you liked me. So I''m looking forward to seeing. Write me and we agree.\r\nI will be glad to know you better.\r\nWrite me.\r\nWith hopes and dreams, Alina.', '', '', 1, 0, 0, 0, 0, '2016-08-26 20:35:10'),
(17, 21, 94, 'Hello! I saw you online, but you never answered. Why?', '', '', 1, 0, 1, 0, 1, '2016-08-27 10:05:27'),
(18, 22, 67, 'Hello Rocco;)\r\nRemember me?', '', '', 1, 0, 0, 0, 0, '2016-08-27 20:24:55'),
(19, 94, 21, 'Dasha, I will not be available for a few days as my Father passed away this afternoon.  I am unsure how I am to feel about this, it is a confusing time. Will speak with you in a few days time. Russ', '', '', 1, 0, 0, 0, 0, '2016-08-28 00:58:46'),
(20, 28, 97, 'Hello:) I love this face!!!!', '', '', 1, 0, 0, 0, 0, '2016-08-28 19:12:49'),
(21, 34, 94, 'Hi, Russ! I decided to try this site. How are you? Do you believe that you can find someone here for your life? I believe. Maybe it is not about first impression but we can be a friends first. Know each other first and then we will see how far it can go) What do you think?', '', '', 1, 1, 1, 0, 1, '2016-08-29 05:05:46'),
(22, 38, 94, 'Hi there, Russ! Im in search... Im gentle, affectionate and caring girl. My work is very interesting and hard because I am an anaesthetist-doctor. Im looking for man who is ready for serious relationship... And who are not scared of doctors) Are you scare or dare do meet a doctor?)', '', '', 1, 0, 1, 0, 1, '2016-08-29 05:11:56'),
(23, 39, 99, 'Hi, Kimbrough! Do you want to change your life? If yes, then how? What will be the first thing to be changed? I would like to change mine. It is about not to be alone anymore and meet someone for life. I believe that here it is my chance ! Do you believe in it too?', '', '', 1, 0, 0, 0, 0, '2016-08-29 05:16:10'),
(24, 40, 99, 'HI, Kimbrough!  I consider myself as attractive woman. Now I am in search of my man.) Thats why I chose this site! And why are you here?\r\nWish you good day, Yana!', '', '', 1, 0, 0, 0, 0, '2016-08-29 05:30:48'),
(25, 40, 99, 'Hi, Kimbrough! I hope your day is bright and full of joy! I offer you my friendship, I think its good start our communication. Would like to hear from you something) \r\nYulia.', '', '', 1, 1, 0, 1, 0, '2016-08-29 05:34:18'),
(27, 44, 99, 'Hi, Kimbrough! I am here to find my man. I think that it is not right to  judge the person before you not talk to him. So that is why I am writing to you. And will be so nice to become friends at the beginning. What do you think about that?\r\nKristina.', '', '', 1, 0, 0, 0, 0, '2016-08-29 05:49:15'),
(28, 44, 94, 'Hi, Russ! I am here to find my man. I think that it is not right to judge the person before you not talk to him. So that is why I am writing to you. And will be so nice to become friends at the beginning. What do you think about that? Kristina', '', '', 1, 0, 1, 0, 0, '2016-08-29 05:50:07'),
(29, 76, 94, 'Hello Russ! Do you remember me? )) Elena.', '', '', 1, 0, 1, 0, 1, '2016-08-29 05:53:33'),
(30, 76, 99, 'Hi, Kimbrough! How are you? Im intelligent young lady! I have romantic nature) Are you romantic?\r\nElena', '', '', 1, 0, 0, 0, 0, '2016-08-29 06:07:54'),
(31, 34, 97, 'Hi, Russ! I decided to try this site. How are you? Do you believe that you can find someone here for your life? I believe. Maybe it is not about first impression but we can be a friends first. Know each other first and then we will see how far it can go) What do you think?\r\nWait for your request, Irina.', '', '', 1, 1, 1, 1, 0, '2016-08-29 06:10:12'),
(32, 34, 94, 'Hi, Russ! I decided to try this site. How are you? Do you believe that you can find someone here for your life? I believe. Maybe it is not about first impression but we can be a friends first. Know each other first and then we will see how far it can go) What do you think?\r\nWait for your reply, Irina.', '', '', 1, 0, 1, 0, 1, '2016-08-29 06:13:15'),
(33, 34, 99, 'Hi, Kimbrough! I decided to try this site. How are you? Do you believe that you can find someone here for your life? I believe. Maybe it is not about first impression but we can be a friends first. Know each other first and then we will see how far it can go) What do you think?\r\nWait for your reply, Irina.', '', '', 1, 0, 0, 0, 0, '2016-08-29 06:14:14'),
(34, 34, 97, 'Hello, Michael! I decided to try this site. How are you? Do you believe that you can find someone here for your life? I believe. Maybe it is not about first impression but we can be a friends first. Know each other first and then we will see how far it can go) What do you think?\r\nWait for your reply, Irina.', '', '', 1, 0, 0, 0, 0, '2016-08-29 06:16:24'),
(35, 38, 99, 'Hi there, Kimbrough! Im in search... Im gentle, affectionate and caring girl. My work is very interesting and hard because I am an anaesthetist-doctor. Im looking for man who is ready for serious relationship... And who are not scared of doctors) Are you scare to meet with doctor?)\r\nWait for your reply, Inna.', '', '', 1, 0, 0, 0, 0, '2016-08-29 06:20:23'),
(36, 37, 99, 'Hello, Kimbrough! Do you dream often? I dream quite often. I hope that my dreams and wishes will come true one day. I am searcing for a man who will care and spend his life time with me. I do believe that on this site I will find that right man. Maybe it is you)\r\nWait for your reply, Natalia.', '', '', 1, 0, 0, 0, 0, '2016-08-29 06:52:53'),
(37, 37, 94, 'Hello, Russ! Do you dream often? I dream quite often. I hope that my dreams and wishes will come true one day. I am searcing for a man who will care and spend his life time with me. I do believe that on this site I will find that right man. Maybe it is you) Wait for your reply, Natalia.', '', '', 1, 0, 1, 0, 1, '2016-08-29 06:53:30'),
(38, 42, 99, 'Hello, Kimbrough! I hope your day is bright and full of joy! How are you? I offer you my friendship, I think its good start our communication. \r\nWait for your reply, your Yulia.', '', '', 1, 0, 0, 0, 0, '2016-08-29 07:01:32'),
(39, 42, 94, 'Hello, Russ! I hope your day is bright and full of joy! How are you? I offer you my friendship, I think its good start our communication. \r\nWait for your reply, your Yulia.', '', '', 1, 0, 1, 0, 1, '2016-08-29 07:04:30'),
(40, 99, 98, 'Hello!))). I keep missing you!  It''s taken me a little while to figure this site out!  Haha!  I would love to chat with you!  You''ve got a very impish smile that makes me smile also))). And wow!  You are flexible!  Haha\r\nI hope we will connect soon!  You are 11 hours ahead of me which is probably why we keep missing each other.  I will keep trying!\r\n\r\nKimbrough', '', '1472483518.76016900.png', 1, 0, 0, 0, 0, '2016-08-29 12:11:59'),
(41, 98, 99, 'Hello!;)\r\nI was here yesterday, but I guess you couldn''t come for lunch\r\ni am sure we will communicate more often;)\r\nYour Mila', '', '', 1, 0, 0, 0, 0, '2016-08-30 13:39:50'),
(42, 100, 99, 'Hello;)\r\nMy name is Oksana. I liked your photoes a lot;) can we talk???\r\nI hope so\r\nOksana!!!!', '', '', 1, 0, 0, 0, 0, '2016-08-31 21:47:17'),
(43, 102, 54, 'there is nothing to tell me how much this cost&gt; it will not let me chat without money but there is nothing to say what it cost. send me your picture dear like I asked for', '', '', 1, 0, 0, 0, 0, '2016-09-05 20:10:35'),
(44, 54, 94, 'Hello, Russ\r\nIt was nice to chat with you yesterday!\r\nI hope we will continue. \r\nI am very lonely Odessa girl. Who needs to find husband and take me away! \r\nAre you the man who can do it? ;)\r\nI wish you the best\r\nYour Kseniya with kisses\r\n\r\nP.S. I have been black haired before! lol', '', '1473182363.33005700.png', 1, 0, 0, 0, 0, '2016-09-06 14:19:23'),
(45, 54, 102, 'Hello baby\r\nI found this photo on the CD. I saved something before my lap top died. \r\nDo you have it? \r\nLove you\r\nYour Kseniya', '', '1473182539.54461900.png', 1, 0, 0, 0, 0, '2016-09-06 14:22:19'),
(46, 102, 54, 'Hello dear. I looked for you yesterday when I was done working but you were not here. And now I come to look for you and once again you are not here. I missed you so much when you were away. I worried about you but dasha not tell me anything about you. Dear please tell me you are ok, that you have job and are eating. You look so skinny in your picture. it is still you and your sexy self but I worry about you\r\nwrite me dear. tell me how you are and please tell me how you really feel about me and about us\r\nJohn', '', '', 1, 0, 0, 0, 0, '2016-09-07 15:55:29'),
(47, 54, 102, 'Hello! I was waiting yesterday till 3 a.m.\r\nI will wait today too;)\r\nI hope to talk to you\r\nI love you\r\nYour Kseniya', '', '', 1, 0, 0, 0, 0, '2016-09-07 17:46:39'),
(48, 102, 54, 'i had a very bad day. i can not sleep now. my mind is going 1000 different directions.', '', '', 1, 0, 0, 0, 0, '2016-09-09 03:50:06'),
(49, 54, 102, 'Hello, John. If you didnt call i understood that something happened!!! What is going on? Tell me. I am worried. Your Kseniya with kisses', '', '', 1, 0, 0, 0, 0, '2016-09-09 04:08:54'),
(50, 102, 54, 'I have been looking for you but have not seen you? are you disappearing again dear? please tell me this is not the case.', '', '', 1, 0, 0, 0, 0, '2016-09-10 02:45:54'),
(51, 54, 102, 'Hello, baby. \r\nOf course not!!!!\r\nI was waiting but fell asleep! \r\nYou tell me the time when you come. \r\nbecause you normally come to different time. \r\nI love you, of course\r\nYour Kseniya', '', '', 1, 0, 0, 0, 0, '2016-09-10 05:56:22'),
(52, 102, 54, 'here is a picture for you to show her dear. send me one of her too', '', '1473634473.50625800.png', 1, 0, 0, 0, 0, '2016-09-11 19:54:34'),
(53, 54, 102, 'i like your picture dear\r\nand this is my friend;) I am sure she has profile here', '', '1473696467.84272100.png', 1, 0, 0, 0, 0, '2016-09-12 13:07:48'),
(54, 20, 27, 'Hi Olga!  Remember me?', '', '', 0, 0, 0, 0, 0, '2016-09-12 16:03:14');

-- --------------------------------------------------------

--
-- Структура таблиці `migrations`
--

CREATE TABLE IF NOT EXISTS `migrations` (
  `migration` varchar(255) COLLATE utf8_unicode_ci NOT NULL,
  `batch` int(11) NOT NULL
) ENGINE=InnoDB DEFAULT CHARSET=utf8 COLLATE=utf8_unicode_ci;

--
-- Дамп даних таблиці `migrations`
--

INSERT INTO `migrations` (`migration`, `batch`) VALUES
('2015_06_19_124510_create_chat_table', 1),
('2015_08_20_000000_create_users_table', 1),
('2015_08_26_121020_create_mails_table', 1),
('2015_09_21_124739_create_news_table', 1),
('2015_09_24_134822_create_chat_rooms_table', 1),
('2015_10_01_143538_create_session_table', 1),
('2015_10_08_140602_create_gifts_table', 1),
('2016_09_21_105300_create_choise_admin_users_table', 2),
('2016_09_28_085709_create_billing_paypal_cache_table', 2);

-- --------------------------------------------------------

--
-- Структура таблиці `news`
--

CREATE TABLE IF NOT EXISTS `news` (
  `id` int(10) unsigned NOT NULL,
  `title` varchar(255) COLLATE utf8_unicode_ci DEFAULT NULL,
  `preview` text COLLATE utf8_unicode_ci,
  `text` text COLLATE utf8_unicode_ci,
  `meta_title` varchar(255) COLLATE utf8_unicode_ci DEFAULT NULL,
  `meta_description` varchar(255) COLLATE utf8_unicode_ci DEFAULT NULL,
  `meta_keywords` varchar(255) COLLATE utf8_unicode_ci DEFAULT NULL,
  `url_name` varchar(255) COLLATE utf8_unicode_ci DEFAULT NULL,
  `image` varchar(255) COLLATE utf8_unicode_ci DEFAULT NULL,
  `video` varchar(255) COLLATE utf8_unicode_ci DEFAULT NULL,
  `author` tinyint(4) NOT NULL DEFAULT '0',
  `news_active` tinyint(4) NOT NULL DEFAULT '0',
  `newsOrStories` tinyint(4) NOT NULL DEFAULT '0',
  `news_date` datetime DEFAULT NULL,
  `update_news_date` datetime DEFAULT NULL,
  `created_at` timestamp NOT NULL DEFAULT '0000-00-00 00:00:00',
  `updated_at` timestamp NOT NULL DEFAULT '0000-00-00 00:00:00'
) ENGINE=InnoDB AUTO_INCREMENT=11 DEFAULT CHARSET=utf8 COLLATE=utf8_unicode_ci;

--
-- Дамп даних таблиці `news`
--

INSERT INTO `news` (`id`, `title`, `preview`, `text`, `meta_title`, `meta_description`, `meta_keywords`, `url_name`, `image`, `video`, `author`, `news_active`, `newsOrStories`, `news_date`, `update_news_date`, `created_at`, `updated_at`) VALUES
(1, 'UkrBride4U team', NULL, '<p>We are happy to introduce to you our new and improved website. &nbsp;At the request of the ladies, we decided to give you an opportunity to talk via chat as well as letters. &nbsp;We think this gives you a better chance to find your love. &nbsp;We hope you will enjoy it! As a result, we are offering some new features:</p>\r\n\r\n<ul>\r\n	<li>There are no pop-up windows &ndash; it means that you can read letters or use other site features without being bothered</li>\r\n	<li>We are making chat on this much more affordable than other sites &ndash; you can save money for visiting Ukraine and meeting your bride</li>\r\n	<li>If you are serious in meeting a woman and she doesn&rsquo;t know English, our interpreter will work for free for you</li>\r\n	<li>We will also offer a &ldquo;private&rdquo; mode- if you are chatting with one woman and you don&rsquo;t want other women to write you, you can hide your profile and talk only with one woman</li>\r\n</ul>\r\n\r\n<p><br />\r\nIn the future we plan to put add talk by video, so you will be able to see that ladies are real, one of the most common worries for men from abroad.&nbsp;<br />\r\n&nbsp;<br />\r\nThere are many other reasons why you should use this site. &nbsp;We are a serious agency and have marriages. All our ladies are real and seriously want to get married with foreign man. &nbsp;So if you are really interested in dating the most beautiful women on earth, you can meet them here!<br />\r\n&nbsp;<br />\r\nEnjoy our services. &nbsp;If you have any complaints or suggestions, you can always write us using the form on the top of the site.</p>\r\n\r\n<p>With best regards and wishes for your success,&nbsp;</p>\r\n\r\n<p>UkrBride4U team</p>\r\n', NULL, NULL, NULL, 'melody-of-love-team', NULL, NULL, 0, 0, 0, NULL, NULL, '2015-11-13 08:45:12', '2016-05-10 19:51:10'),
(2, 'Succesful story', NULL, '<p>We are very happy to introduce you our succesful couple. These are Alla from Gaysin (Ukraine) and Eliot from California (USA).<br />\r\nThey met with our help, fell in love with each other and now they wait for the visa of the wife for Alla. So they will be able to live together in the USA.<br />\r\nThis story shows that the life if full of surprises even if you are older than 25 ;)<br />\r\nSo never give up and always try to find your love. No matter what!<br />\r\nWe will help you ;)<br />\r\nWith the best regards,<br />\r\nUkrBride4U Team</p>\r\n\r\n<p><img alt="" src="http://pc.xz1mefx.od.ua/laravel.loc/www/public/upload/stories/0qKbWvSn9HM.jpg" style="height:604px; width:403px" /><img alt="" src="http://pc.xz1mefx.od.ua/laravel.loc/www/public/upload/stories/p0-I-IUGHYo.jpg" style="height:403px; width:604px" /></p>\r\n', NULL, NULL, NULL, 'succesful-story', '1447412887.51768800.png', NULL, 0, 0, 1, NULL, NULL, '2015-11-13 09:08:07', '2016-01-20 19:10:51'),
(5, 'PRICES', NULL, '<p><strong>Our success as a site depends on&nbsp;your success in building a happy relationship with one of our ladies. &nbsp;This can take time. &nbsp;Our prices are more affordable than other sites.&nbsp;We hope that you will be happy about that!&nbsp; </strong><strong>We charge:</strong></p>\r\n\r\n<p><strong>1. LiveChat - 40 cents per minute</strong></p>\r\n\r\n<p><strong>2. Letters - $3.00&nbsp;per letter (to read the letter from a lady&nbsp;is free)</strong></p>\r\n\r\n<p><strong>3. Interpreter for a meeting with a lady -&nbsp;$20.00 per hour</strong></p>\r\n\r\n<p><strong>Please inquire about rates for any other service you may desire.</strong></p>\r\n\r\n<p><strong>Enjoy our services. If you have any questions or comments&nbsp;you can write us!</strong></p>\r\n\r\n<p><strong>With the Best Regards, </strong></p>\r\n\r\n<p><strong>UkrBride4U team!</strong></p>\r\n', NULL, NULL, NULL, 'PRICES', NULL, NULL, 0, 0, 0, NULL, NULL, '2016-01-28 21:51:50', '2016-06-29 07:14:28'),
(6, 'Dear Clients', NULL, '<h2 style="font-style:italic"><strong>Dear&nbsp;clients.&nbsp;</strong></h2>\r\n\r\n<p><strong>Our site is new. And there can be some problems. If you noticed something which you didn&#39;t like, please, don&#39;t be afraid to write us. Your opinion is very important. We work for you. We want our site be comfortable for you.&nbsp;</strong></p>\r\n\r\n<p><strong>We are waiting for your letters.</strong></p>\r\n\r\n<p><strong>With the best regards,&nbsp;</strong></p>\r\n\r\n<p><strong>Ukrbride4u Team</strong></p>\r\n', NULL, NULL, NULL, 'Dear-Clients', NULL, NULL, 0, 0, 0, NULL, NULL, '2016-08-28 18:58:20', '2016-08-28 18:58:57'),
(7, 'dssd', NULL, '<p>dsfdsfdsfdsf</p>\r\n', NULL, NULL, NULL, 'dssdfdsf', NULL, NULL, 0, 0, 0, NULL, NULL, '2016-10-07 03:48:14', '2016-10-07 03:48:14'),
(8, 'asdas', NULL, '<p>asdasd</p>\r\n', NULL, NULL, NULL, 'asdasasdasd', NULL, NULL, 0, 0, 1, NULL, NULL, '2016-10-07 03:48:40', '2016-10-07 03:48:40'),
(9, 'asdasd', NULL, '<p>asdasd</p>\r\n', NULL, NULL, NULL, 'asdasd', NULL, NULL, 0, 0, 0, NULL, NULL, '2016-10-07 03:51:21', '2016-10-07 03:51:21'),
(10, 'dasdad', NULL, '<p>asdasd</p>\r\n', NULL, NULL, NULL, 'dasdad', NULL, NULL, 0, 0, 1, NULL, NULL, '2016-10-07 03:51:30', '2016-10-07 03:51:30');

-- --------------------------------------------------------

--
-- Структура таблиці `sessions`
--

CREATE TABLE IF NOT EXISTS `sessions` (
  `id` varchar(255) COLLATE utf8_unicode_ci NOT NULL,
  `payload` text COLLATE utf8_unicode_ci NOT NULL,
  `last_activity` int(11) NOT NULL
) ENGINE=InnoDB DEFAULT CHARSET=utf8 COLLATE=utf8_unicode_ci;

--
-- Дамп даних таблиці `sessions`
--

INSERT INTO `sessions` (`id`, `payload`, `last_activity`) VALUES
('52d9fd47548c4234688e81a8e71db26d4337628b', 'YTo2OntzOjY6Il90b2tlbiI7czo0MDoiM1FNSlhUcWdFRFEyWWVnSTQxNDJWb01vbWNzYTRaVzdTTVE2U1JJayI7czo0OiJsYW5nIjtzOjI6ImVuIjtzOjM6InVybCI7YToxOntzOjg6ImludGVuZGVkIjtzOjUyOiJodHRwOi8vdWtyYnJpZGU0dS5sb2NhbC9wdWJsaWMvZW4vY2FiaW5ldC9jaGF0LWFkbWluIjt9czo5OiJfcHJldmlvdXMiO2E6MTp7czozOiJ1cmwiO3M6MzM6Imh0dHA6Ly91a3JicmlkZTR1LmxvY2FsL3B1YmxpYy9lbiI7fXM6NToiZmxhc2giO2E6Mjp7czozOiJvbGQiO2E6MDp7fXM6MzoibmV3IjthOjA6e319czo5OiJfc2YyX21ldGEiO2E6Mzp7czoxOiJ1IjtpOjE0NzYxODAyMzU7czoxOiJjIjtpOjE0NzYxODAyMzE7czoxOiJsIjtzOjE6IjAiO319', 1476180236),
('b002e2eddf5fe646feccd98adde914950c456d9f', 'YTo3OntzOjY6Il90b2tlbiI7czo0MDoiYjRjdlp3S1E4dnd4dnlvZjNQd0MyN3BqbGRMTTJ4SEgzdGRISjMwViI7czo0OiJsYW5nIjtzOjI6ImVuIjtzOjU6ImZsYXNoIjthOjI6e3M6Mzoib2xkIjthOjA6e31zOjM6Im5ldyI7YTowOnt9fXM6OToiX3ByZXZpb3VzIjthOjE6e3M6MzoidXJsIjtzOjQ4OiJodHRwOi8vdWtyYnJpZGU0dS5sb2NhbC9wdWJsaWMvZW4vYWRtaW4vYXJ0aWNsZXMiO31zOjE3OiJjaGF0X3ByZXZpb3VzX3VybCI7czoyNzoiL2NhYmluZXQvdXNlcnMtb25saW5lLWxpc3QvIjtzOjM4OiJsb2dpbl84MmU1ZDJjNTZiZGQwODExMzE4ZjBjZjA3OGI3OGJmYyI7aToxOTtzOjk6Il9zZjJfbWV0YSI7YTozOntzOjE6InUiO2k6MTQ3NTgyMzA5MDtzOjE6ImMiO2k6MTQ3NTc1MzYyODtzOjE6ImwiO3M6MToiMCI7fX0=', 1475823090),
('d690dc1ca1069b73fec4b4feab3f14d4c153667e', 'YTo3OntzOjY6Il90b2tlbiI7czo0MDoibG5hYTRzR2hEZHFXVGdVM3N3OHVJd3ExbFNIODVEUTJ3VVZpTDJzdyI7czo0OiJsYW5nIjtzOjI6ImVuIjtzOjU6ImZsYXNoIjthOjI6e3M6Mzoib2xkIjthOjA6e31zOjM6Im5ldyI7YTowOnt9fXM6OToiX3ByZXZpb3VzIjthOjE6e3M6MzoidXJsIjtzOjQ2OiJodHRwOi8vdWtyYnJpZGU0dS5sb2NhbC9wdWJsaWMvZW4vY2FiaW5ldC9uZXdzIjt9czoxNzoiY2hhdF9wcmV2aW91c191cmwiO3M6MTc6Ii9jYWJpbmV0L3Byb2ZpbGUvIjtzOjM4OiJsb2dpbl84MmU1ZDJjNTZiZGQwODExMzE4ZjBjZjA3OGI3OGJmYyI7aTo1OTtzOjk6Il9zZjJfbWV0YSI7YTozOntzOjE6InUiO2k6MTQ3NTgyMzE2NztzOjE6ImMiO2k6MTQ3NTgyMjc2OTtzOjE6ImwiO3M6MToiMCI7fX0=', 1475823167),
('f93274aa91ac92c7a363fd46767dbfc0804a028a', 'YTo0OntzOjY6Il90b2tlbiI7czo0MDoiWDlHazlpbGNhcFZSdkpmbldPRzVzTFV3aVAzRUViSkY3YWM2akdqdiI7czo0OiJsYW5nIjtzOjI6ImVuIjtzOjU6ImZsYXNoIjthOjI6e3M6MzoibmV3IjthOjA6e31zOjM6Im9sZCI7YTowOnt9fXM6OToiX3NmMl9tZXRhIjthOjM6e3M6MToidSI7aToxNDc2MDk3NTgzO3M6MToiYyI7aToxNDc2MDk3NTgyO3M6MToibCI7czoxOiIwIjt9fQ==', 1476097584);

-- --------------------------------------------------------

--
-- Структура таблиці `users`
--

CREATE TABLE IF NOT EXISTS `users` (
  `id` int(10) unsigned NOT NULL,
  `email` varchar(50) COLLATE utf8_unicode_ci NOT NULL,
  `password` varchar(60) COLLATE utf8_unicode_ci NOT NULL,
  `phone` varchar(20) COLLATE utf8_unicode_ci DEFAULT NULL,
  `name` varchar(50) COLLATE utf8_unicode_ci NOT NULL,
  `sex` enum('m','w') COLLATE utf8_unicode_ci NOT NULL,
  `bdate` date DEFAULT NULL,
  `address` varchar(255) COLLATE utf8_unicode_ci DEFAULT NULL,
  `main_photo` varchar(255) COLLATE utf8_unicode_ci DEFAULT NULL,
  `weight` int(6) DEFAULT NULL,
  `height` int(6) DEFAULT NULL,
  `zodiac` enum('aquarius','aries','cancer','capricorn','gemini','leo','libra','pisces','sagittarius','scorpio','taurus','virgo') COLLATE utf8_unicode_ci DEFAULT NULL,
  `eyes` enum('amber','blue','brown','gray','green','hazel') COLLATE utf8_unicode_ci DEFAULT NULL,
  `hair` enum('black','blond','chestnutBrown','darkBrown','lightChestnutBrownHair','mediumBrown','red','white','bald') COLLATE utf8_unicode_ci DEFAULT NULL,
  `en_level` enum('beginner','elementary','preIntermediate','intermediate','upperIntermediate','advanced','native') COLLATE utf8_unicode_ci DEFAULT NULL,
  `about_me` text COLLATE utf8_unicode_ci,
  `youtube` varchar(255) COLLATE utf8_unicode_ci DEFAULT NULL,
  `rights` enum('superadmin','admin','user') COLLATE utf8_unicode_ci NOT NULL,
  `locale` varchar(2) COLLATE utf8_unicode_ci NOT NULL DEFAULT 'en',
  `viewer` tinyint(4) NOT NULL DEFAULT '1',
  `active` tinyint(4) NOT NULL DEFAULT '1',
  `remember_token` varchar(100) COLLATE utf8_unicode_ci DEFAULT NULL,
  `created_at` timestamp NOT NULL DEFAULT '0000-00-00 00:00:00',
  `updated_at` timestamp NOT NULL DEFAULT '0000-00-00 00:00:00',
  `last_visit_at` timestamp NOT NULL DEFAULT '0000-00-00 00:00:00'
) ENGINE=InnoDB AUTO_INCREMENT=105 DEFAULT CHARSET=utf8 COLLATE=utf8_unicode_ci;

--
-- Дамп даних таблиці `users`
--

INSERT INTO `users` (`id`, `email`, `password`, `phone`, `name`, `sex`, `bdate`, `address`, `main_photo`, `weight`, `height`, `zodiac`, `eyes`, `hair`, `en_level`, `about_me`, `youtube`, `rights`, `locale`, `viewer`, `active`, `remember_token`, `created_at`, `updated_at`, `last_visit_at`) VALUES
(1, 'vitaliizagorodniuk@gmail.com', '$2y$10$OzKCikJqeBb2kwBRNr44YOUwjyq7dSo5J02qJcaUACTjpz.MrOSay', '+380506148847', 'xZ1mEFx', 'm', '1985-02-10', 'Ukraine, Odessa', NULL, NULL, NULL, NULL, NULL, NULL, NULL, NULL, NULL, 'superadmin', 'en', 0, 1, 'VKwZOW2z94Cesd8MHN6tygLjoRw4XOe08gKvF6RwBg1bRtqQ9XKKSADlLeNG', '2015-11-13 08:34:02', '2016-07-08 11:20:19', '2016-09-23 11:49:28'),
(2, 'vk@upperlinestudio.com', '$2y$10$jQA206E9IXG0TwiCoVKhMuYW/s/Qm30qmgUceIPMfyvBF3LjSNtvO', '+000000000000', 'Upperline', 'm', '2000-01-01', 'Ukraine, Odessa', NULL, NULL, NULL, NULL, NULL, NULL, NULL, NULL, NULL, 'superadmin', 'en', 0, 1, 'CyvEzlX8uWLLPnzEHYySh6eIvDaSXre11T58oLTfm5kecsD5WIJ8cEguvQPm', '2015-11-13 08:34:03', '2016-09-13 06:48:45', '2016-09-23 11:49:28'),
(3, 'test_m1@test.com', '$2y$10$3qABhLZITkohLmufbpr/kuON4DJx1HTRLi6NIdYxfextV2pWS4tRa', '+0000000000', 'James', 'm', NULL, NULL, NULL, NULL, NULL, NULL, NULL, NULL, NULL, NULL, NULL, 'user', 'en', 0, 1, NULL, '2015-11-13 08:34:09', '2015-11-13 08:34:09', '2016-09-23 11:49:28'),
(4, 'test_m2@test.com', '$2y$10$2XNp2slVnjxn8uvJT1Py6.kcBseTvVFwYEZYtDd1gSPdpPHtU5gf2', '+0000000000', 'John', 'm', NULL, NULL, NULL, NULL, NULL, NULL, NULL, NULL, NULL, NULL, NULL, 'user', 'en', 0, 1, 'ANcUNYKIXes0hDyNbzK1EioCvUIM4n2ULlQXVg4kkHBIGQfeXtkhHw9WsOvs', '2015-11-13 08:34:10', '2016-07-26 15:32:31', '2016-09-23 11:49:28'),
(5, 'test_m3@test.com', '$2y$10$W4jp0d69gLM/2v0dU5z6q./Qz0ipKBrN8E565zt7QtvmU8PkVifqi', '+0000000000', 'Nick', 'm', NULL, NULL, NULL, NULL, NULL, NULL, NULL, NULL, NULL, NULL, NULL, 'user', 'en', 0, 1, NULL, '2015-11-13 08:34:10', '2015-11-13 08:34:10', '2016-09-23 11:49:28'),
(15, 'thesteale@gmail.com', '$2y$10$Z2q2cYcexhiJZUrj2PJeOundMd1BfJONXhwtLd/4fvRDmZM6fNhQe', NULL, 'Eliot Steele', 'm', NULL, NULL, NULL, NULL, NULL, NULL, NULL, NULL, NULL, NULL, NULL, 'user', 'en', 1, 1, 'xLZ17NRBbAQZ5aWPXnjPCvBdHpDrDxmFposEHN1MA3gVR7U7wRqu4bkhXJh5', '2015-11-18 02:12:06', '2016-08-22 19:00:06', '2016-09-23 11:49:28'),
(16, 'CDannenmaier@yahoo.com', '$2y$10$nwgct/xh0mlvZNkz8lZHK.jWObaUHvHYxpfERzGs9am/5N0vHyH2e', NULL, 'Chris Dannenmaier', 'm', NULL, NULL, NULL, NULL, NULL, NULL, NULL, NULL, NULL, NULL, NULL, 'user', 'en', 1, 1, 'H8GUJvObbfL7bvDNnvR02wRPXWXfEzx89IVlYZ4aRyNzUw2aFMbokaPp9H6N', '2015-11-24 18:08:56', '2016-07-27 04:47:12', '2016-09-23 11:49:28'),
(17, 'ummo93@gmail.com', '$2y$10$Uz3qYdY6Bqy9f.EFXqcgXuwa31jfGiORDVDX7N2MiaU.xkJDjI7QG', NULL, 'ummo93', 'm', NULL, NULL, NULL, NULL, NULL, NULL, NULL, NULL, NULL, NULL, NULL, 'user', 'en', 1, 1, 'R4iAoQ020SI7570NMCbDftShDGgQedKaRJ5LVRH21keEPZsXHFQJHBZNgce5', '2015-11-26 13:58:25', '2016-09-13 06:49:45', '2016-09-23 11:49:28'),
(19, 'tuta.alexandr@mail.ru', '$2y$10$nQgAgg/eZw65jJeuJTyXF.6zUg0gEVWaOpG5K8NZfkQoZ6Mgm6jt2', '342423', '11111111111', 'w', '2000-02-10', 'rgegeg', NULL, 80, 180, 'aquarius', 'amber', 'bald', 'beginner', 'asdad dvfsgergf rewgre g re g re gre g re g re g reg reg re g erg re g re', NULL, 'superadmin', 'en', 1, 1, 'eSNdEsrTSfw6HgB2jZqUx3D2crjxBH2wCpmYwkAwG0gAo80yJzbOCcF4svKU', '2016-01-05 09:15:43', '2016-10-07 03:49:18', '2016-10-07 03:51:30'),
(20, 'Chrislane8875@yahoo.com', '$2y$10$NpG9jrKMDlRlnyPaopcNtOPomCYqbZi1bdUExqyNYsu7v0FN9ECNa', NULL, 'Chris Dannenmaier', 'm', NULL, NULL, NULL, NULL, NULL, NULL, NULL, NULL, NULL, NULL, NULL, 'user', 'en', 1, 1, 'GOCJ55ZPdkPVvN3c75HTPNQEbhcPAgcopkzCsZw3cbMv0o4boMXV92WguBlG', '2016-01-19 02:39:18', '2016-09-20 08:37:04', '2016-09-23 11:49:28'),
(21, 'D_Z_V@ukr.net', '$2y$10$.iANq7H.jwVjd2rsz9TE1ugMYQ4k12JDMLFVtB5IXA2QdkhC/ND9W', '+380936183089', 'PrettyDasha', 'w', '1991-11-01', 'Odessa', '/img/pr/21/1462570011.56504100.png', 50, 127, 'scorpio', 'green', 'blond', 'elementary', 'I''m a very optimistic and open person. I''m always happy to communicate with new people. I like to be romantic and I like to show my felling to people I love. I''m a very giving and easy-going person.\r\nI like to listen to music. I like to go out with my firns or to watch a movie with them at home and to laugh , of course.  I can''t live without smiling and I like to sleep very much.\r\nI try to find someone who can love and doesn''t afraid of it. I know for sure that he will be kind and caring person. When I was smaller I liked men who aren''t reallly good-hearted, but now I understand that it is one of the most important thing.', NULL, 'user', 'en', 1, 1, 'd95FS29DC9FkGivtRmERQ7lDw2NbHYmvJlIlnHKR8uARKXBu4IstTymIfYts', '2016-01-20 11:39:38', '2016-09-07 16:57:49', '2016-09-26 10:12:09'),
(22, 'stukalenko90@mail.ru', '$2y$10$2jUXREo1gqyzcV3SxzDVNeL0Kb2qbSyZ9PXls8RlJOWNG1nnZ7NlK', '+380938830301', 'Brilliant_Anastasia', 'w', '1990-05-23', 'Odessa', '/img/pr/22/1462572050.83728100.png', 50, 127, 'taurus', 'blue', 'blond', 'elementary', 'I am very nice and lovely until you are polite with me;)I like music, reading, knitting. I have a lot of interests, but what i want is a family. I try to find strong man. Who will be strict to everybody, but gentle to me. Is it possible?\r\n', NULL, 'user', 'en', 1, 1, 'wVSPqnmzuUyywg7y6jW9HvnFeZn4D0TndeYMppFLktn0GVwVoZdT0ukcmXtI', '2016-01-20 11:54:03', '2016-09-11 17:09:41', '2016-09-26 10:12:09'),
(23, 'alena.sokolova@mail.ru', '$2y$10$AgQFNMwDH1nF5e6fKbkx4e.9A2x/5xV.zYuQtif0UN2Yqa//yPxni', '+380937901315', 'Happy_Bandit', 'w', '1990-12-20', 'Ukraine, Odessa', '/img/pr/23/1462571813.49643000.png', 55, 127, 'sagittarius', 'green', 'blond', 'elementary', 'I am funny and cool. I am easy going. So if you wake up and want to go to Las Vegas I will be very happy to go with you. I like dances, especially, ballet. I love cars. Especially BMW.\r\nI try to find beloved one. My man is very nice. Maybe he likes to play guitar. But this is not the most important. He likes reading ans sports. He wants to go to the gym with me. We have a lot of fun there.', NULL, 'user', 'en', 1, 1, 'B1q7ZBSZLlw4sk423IpBFMRmx6UOSMhW5XUSynTmUjB2iLcWWCp2Dhp1vaTF', '2016-01-20 20:41:39', '2016-05-06 18:57:14', '2016-09-26 10:12:09'),
(24, 'romantic.elena@mail.ru', '$2y$10$dXOhbkfMhunVpXHDDbufEe5eWu7EH7GSB1X1GULlgZ.C8nao2Xh9q', '+380677117644', 'RomanticElena', 'w', '1984-10-04', 'Odessa', '/img/pr/24/1453347298.74877300.png', 45, 127, NULL, 'brown', 'black', 'beginner', 'I am tender and nice person! I miss loving and caring relationships!\r\nIn the same time i am easy going and love to travel. I hope you are the same person!I like to make photoes. In free time I like to go the wood or on the beach and make nice photoes. \r\nI try to find strong and strict man. In the same time he must be caring and loving to me. I like men who can make a difference between work and home. Because I am the same person. So I will give the same to my man;)', NULL, 'user', 'en', 1, 1, 'QJwwD6xpG3enBHkFKvzZwRnuyHjKXzuRzasYsqS7nxyUwaenRTO1MlWDnsJA', '2016-01-20 22:12:46', '2016-01-21 01:35:55', '2016-09-26 10:12:09'),
(25, 'johnsmith@yandex.com', '$2y$10$6/BnuJbhajojgo2WLB8diONrVjIuxQsJzxlAmjEytMkKfgfqmyamy', NULL, 'John', 'm', NULL, NULL, NULL, NULL, NULL, NULL, NULL, NULL, NULL, NULL, NULL, 'user', 'en', 1, 1, 'nx2FnWcHNt7NsrSt3zg9IixVf33EkCPZlcg2oYEF60PJCgBeFRDDuIrq6cgQ', '2016-01-21 01:16:55', '2016-02-12 21:24:47', '2016-09-23 11:49:28'),
(26, 'gentleolgaua@mail.ua', '$2y$10$lEcoV.tSxSxkelnY0eFZEuMzdSg5qEILazP3M8tcIjVHMxMc.KC8C', '+380952127076', 'GentleOlga', 'w', '1989-02-24', 'Odessa', '/img/pr/26/1462572260.22176200.png', 45, 127, 'pisces', 'green', 'mediumBrown', 'elementary', 'First I want to say hello to the man who will treat me like to real lady who in need of respect, care and tenderness. So… Hello my dear man!\r\n   I can say a lot of things about myself but will not. Ask me why? I will be opened just for true man who will touch my heart and soul.\r\nAbout my hobbies. I do sports, art, design of nails, writing poems and songs...\r\nI don''t need a young guy who wants to find a girl just for fun. I need a mature man who is ready for a serious relationship. A man who is willing to share with me the good and bad events, who is always ready to support me and I''m ready for reciprocity also. So if you have the same wishes I am pleased to reveal to you my heart.', NULL, 'user', 'en', 1, 1, 'Rl1JHmMgdypmfFfJr0Lpc7mDcqwVUd2npoeQmNiDTMcVEnn7BGghvd71Burs', '2016-01-21 01:39:01', '2016-05-06 19:04:36', '2016-09-23 11:49:28'),
(27, 'olgashvarc@lenta.ru', '$2y$10$0RO.qcS5dSL/EkjmR2t/ZOLaXAZDcNH8CTOY3bnYLTIEi/i7Tkil.', '+380989642198', 'BeautifulOlga', 'w', '1990-08-24', 'Ukraine, Odessa', '/img/pr/27/1462570634.10118900.png', 55, 127, 'gemini', 'brown', 'black', 'elementary', 'I am easy going and active person! I can make your life be more interesting and happy.I love to be on the nature and have BBQ with nice people. I like history! I know many about history of other countries;)\r\nMy man must be careful and nice to me. He must give me all of his heart and have time to play tennis with me sometimes;) If you are here, please, write me!', NULL, 'user', 'en', 1, 1, 'J1SRbKSZbovE12QRZSr1VIW0v9oIudwtsjGV20XpucOVxD5VzDJbbp4Odn6y', '2016-01-21 02:05:01', '2016-08-22 19:02:46', '2016-09-23 11:49:28'),
(28, 'esemakina@mail.ua', '$2y$10$KHWGDkQTp.zU5eQlwapxl.XoeB5Ajt1truaADxPjnFbFFQ3az39Qi', '+380639356213', 'Amazing_Elena', 'w', '1973-02-20', 'Israel, Tel-a-Viv', '/img/pr/28/1462571323.68579600.png', 43, 127, 'libra', 'blue', 'blond', 'elementary', 'I am wise and perfect woman for marriage! Very serious about finding my second half! If you are serious, please, write me;)I like fitness, reading and cooking.I live in Israel now, because my mom moved there and I feel very sad alone in Odessa. But I come often. Almost every month.\r\nMy future husband must be strong and tender in the same time. He can be strict and sweet to me in the same time. It means that he is loyal and respectful man. If you are man like this, I will give you all my love!', NULL, 'user', 'en', 1, 1, 'JFvXeczRbSDBqp4WgUq587nsuoDWWystZAJtsfSG1tETZuje8MdKafMp6SuC', '2016-01-21 02:22:56', '2016-09-11 19:01:26', '2016-09-23 11:49:28'),
(29, 'j-boo@bk.ru', '$2y$10$hLdfkgczQcfBVAk4746U9O.LUPONbmngR0N7TiFhD.XHJESj75dI2', NULL, 'tommy', 'm', NULL, NULL, NULL, NULL, NULL, NULL, NULL, NULL, NULL, NULL, NULL, 'user', 'ru', 1, 1, 'xJ6eX3Bcwnb14lO13CoNi1TN0W3Bvdh74dyDTaXMgK21HhXFi7fSEne1l8Pw', '2016-01-21 07:43:09', '2016-09-02 07:18:12', '2016-09-23 11:49:28'),
(30, 'platazhan@mail.ru', '$2y$10$n1ZS9mOu8CZLbA0PadpMEeaDLmLG1Nzwwxp3H8vmHN0Ng999fbNQq', '+380934935373', 'Your_Elena', 'w', '1970-06-29', 'Ukraine, Odessa', '/img/pr/30/1472253773.08172600.png', 48, 127, 'aries', 'brown', 'black', 'beginner', 'I am romantic and decent person. Very serious for love and serious relationships. I like fishing and travelling.\r\nI try to find real man. He must be ready for love! Must have big heart and wise mind.', NULL, 'user', 'en', 1, 1, 'fkQpW74ALb207saABGT3Rp0oLPZtGJEi6RM3axldAbiPMzKQr8x8CaoC9NUg', '2016-01-21 21:15:17', '2016-08-26 20:22:57', '2016-09-23 11:49:28'),
(31, 'Asuscool@inbox.ru', '$2y$10$r1f0tr8XPab.WyNRLKfiMe5Eu40gH3hjNITa/C/i49Vjtjg.wBEWa', '+380951742414', 'Katy', 'w', '1988-04-01', 'Ukraine, Odessa', '/img/pr/31/1462570342.21629000.png', 46, 127, 'virgo', 'brown', 'black', 'elementary', 'I am here because I am tired of being lonely. To be honest I try to find my husband everywhere. So if I find him in Ukraine I will be the same happy. But I guess we have little problem with ukrainian man;) So the only one hope I have is this site\r\nI am very good person. Easy-going, helpful, I like to have fun. I like dances and work as a dancer in the club. So if it is good enough for you I would like to know you better', NULL, 'user', 'en', 1, 1, 'udyNO8iRZ4EO4v9uj1e7SAyJ3hR2LCbCpM8QdeYSqUFjasKHzFjqHeiMs3yj', '2016-01-21 21:28:29', '2016-05-06 18:32:35', '2016-09-23 11:49:28'),
(32, 'shimanskaya@yandex.com', '$2y$10$c2E5yYiQb3ywPyUbezEos.sarUsiTiZNpL.g3g/pYovuVL0PGNKoa', '+380937132070', 'InterestingTatyana', 'w', '1988-08-11', 'Ukraine, Odessa', '/img/pr/32/1462571236.60980100.png', 49, 127, 'leo', 'brown', 'black', 'beginner', 'Hello! My name is Tatyana. Friends call me Tanya. I work as a singer in a club. I hope one day i can be professional singer for my husband;)\r\nI am here to find my love. I am extreme person and I like to know something new. So I will be happy to meet new friends, interesting people. In the best case I will meet my husband. This is what I need. If you are bored and need fire in your life, write me!', NULL, 'user', 'en', 1, 1, '6iYaxfZyPzzO0GtdwP38cB5t3xe5XnVxCBLQGHXAGdamCSutBM0N0heYCPUZ', '2016-01-21 22:05:41', '2016-05-06 18:47:25', '2016-09-23 11:49:28'),
(33, 'larionova.k@gmail.com', '$2y$10$py9MO8HT/vh1XrRg1TEgUOJ3c05OL2kmXe3UCCCJc0IoKzXxGHHo.', '+380987748362', 'Sweet_Kate', 'w', '1990-03-28', 'Ukraine, Kiev', '/img/pr/33/1467241212.91776000.png', 58, 127, 'virgo', 'blue', 'blond', 'elementary', 'I like to travel. I travelled around Ukraine a lot. I like reading and meeting with interesting people!\r\nI am very kind, honest, caring person. But sometimes I can be too emotional. I seak for good man. I dont care about age. The most important that he must be kind, caring, we must have some common interests. I don''t want to travel while he drinks beer in a bar;) I hate rude men. So if you are rude, don''t write me', NULL, 'user', 'en', 1, 1, 'obApBAyFgkS5bEwR0PMYSrZBnjI8V4p69ioFpoNGDtf8k4B1KpGRVBGlrSvE', '2016-01-22 20:41:26', '2016-06-29 20:00:53', '2016-09-23 11:49:28'),
(34, 'Peris.ira@gmail.com', '$2y$10$hc9Q3xVRnGJfgkUWK9rj3.Fv80lNevdaMU8he0rwvfzJJnhrmiQWq', '+380506356109', 'Lovely_Irina', 'w', '1981-01-16', 'Ukraine, Kiev', '/img/pr/34/1453505013.56121700.png', 60, 127, 'aquarius', 'brown', 'blond', 'beginner', 'I am dentist, but romantic dentist;) I like movies. And visiting cinematheater is the best spending of time for me. I am very positive. I always thought that family and kids are center of person. Unfortunately i don''t have family and hope to find it here, using this site. \r\nMy future husband must be caring. I don''t care if he has kids or not. But I don''t like greedy unbehaved men. \r\nIf you are sweet and kind write me please', NULL, 'user', 'en', 1, 1, '8Zx4twPMRCB07TfAIXcGSCsz88az0QxIFNiJrGqxpUFpUAhEyIY8wRXK32pW', '2016-01-22 21:10:26', '2016-09-14 09:21:05', '2016-09-23 11:49:28'),
(36, 'lesia.popowitch@yandex.ru', '$2y$10$wOr8efC0TiFaiM30DqhwT.2guGnCI9rtgRZkvil1z8WSVNJ.0dc.O', '+380974093160', 'Tender_Olesya', 'w', '1983-05-27', 'Ukraine, Odessa', '/img/pr/36/1462572447.41355500.png', 70, 127, 'gemini', 'green', 'white', 'beginner', 'I am very creative person. I work as a seamstress. At home. It means that I have flexible schedule and I can meet anyone and go everywhere:) I have many hobbies. I like all about needlework, cooking. In the evening i run. \r\nI try to find kind man who is tired of loneliness. Age and skin color is not important for me. I hope you will write me!', NULL, 'user', 'en', 1, 1, 'xbJee24h8Z4XnztHPFRnOIXKNGNj5ashLxXjhFO1XfoixjRRpocjZV1VJ5ff', '2016-01-25 21:06:14', '2016-05-06 19:08:34', '2016-09-23 11:49:28'),
(37, 'super.navis2010@ya.ru', '$2y$10$VMoYkzJMZvq9//Eu/BwE4u29Ud284brtIvvgTjglt840j1znbe1FS', '+380937702115', 'Passionate_Natalia', 'w', '1989-06-02', 'Ukraine, Kiev', '/img/pr/37/1467464821.67048800.png', 57, 127, 'gemini', 'green', 'blond', 'beginner', 'I am very interesting person. I work as an administator in japanese restaurant. So i often meet interesting and not very interesting people. I like travelling, reading, knitting etc. \r\nI do sports. I like running. So I do it every day. I am kind and respectful person. \r\nI try to find my destiny here. Maybe it is funny for someone, but I believe in love with distance. What about you?;)\r\n', NULL, 'user', 'en', 1, 1, 'UUydCIHdOMvKddJ3sYn4a7COJztl1Nd8ao5tmXbu6GaZTjsXcaVeqtcz00Tu', '2016-01-26 20:48:25', '2016-08-29 07:07:10', '2016-09-26 10:12:09'),
(38, 'gyrskainna@mail.ru', '$2y$10$plMASYrUjYav.aE7Zs1NIutLWbZ/HZkdlzbhc0IXR8Nl/q8nZRT1C', '+380988054909', 'Desirable_Inna', 'w', '1989-12-16', 'Ukraine, Kiev', '/img/pr/38/1453849847.89373000.png', 52, 127, 'sagittarius', 'gray', 'chestnutBrown', 'beginner', 'Hello! My name is Inna. I am doctor-anesthetist. So you can imagine what I do when I have free time. Normally I sleep:) So I am here to find a man who will not let me sleep when I have free time. Are you ready for that?\r\nYou have to be kind, without kids (very welcome) and ready for crazy changes in your life. ', NULL, 'user', 'en', 1, 1, 'TDUX3o1kgJd5osbTRN4nLooyTgvWR8CPWrZ9xL0RcmjF0JpOV7BMTh1FUKwW', '2016-01-26 21:02:59', '2016-08-29 07:10:32', '2016-09-23 11:49:28'),
(39, 'nika66@bigmir.net', '$2y$10$XfcIt3QR9qj8J1xY3YsNE.Km.GM3OgKipUoNPDZkGLZMnz4a/1.n2', '+380977441818', 'TimidAnnika', 'w', '1990-03-19', 'Ukraine, Kiev', '/img/pr/39/1467240635.01042800.png', 70, 127, 'pisces', 'green', 'black', 'beginner', 'I am very caring person! I like travelling, reading, dancing and singing. I am very kind. Can be picky in the food only;)I like the sea and everything what is around it. \r\nI want to find not fat and not thin man. Age is not important for me. He must be with good sense of humour, be strong. He must be able to protect himself and his family. \r\nIf you are strong and living man I am waiting for you', NULL, 'user', 'en', 1, 1, '749I6JjeGCZBMumipZyEp9NQHTXhKfdXVpCkGzPSeKFf0vBn9xclzIZ2BIGN', '2016-01-27 20:35:47', '2016-08-29 07:12:02', '2016-09-23 11:49:28'),
(40, 'yana.ripenko@mail.ru', '$2y$10$IXZdqfFuKsxqJ9gspkuUYOqZ8NLGF4kU0pyPMPK9bpZ41BIacEQW2', '+380669893480', 'Bright_Yana', 'w', '1993-04-22', 'Ukraine, Kiev', '/img/pr/40/1462571537.54298700.png', 52, 127, 'aries', 'gray', 'blond', 'elementary', 'My name is Yana and I am business lady. I am serious, responsible person. In my spare time I like to learn something new. I have many hobbies. Such as photogrpaphy, modeling, design etc. I need such active person as me. Who Likes to learn something new. I need person who will create himself with me. He must like sport. Age - not older than 50.', NULL, 'user', 'en', 1, 1, 'RSstwgWcUPSUjottxY2Hb9ID0Ear1WPTOMvP5qnQGGRu2fvsARQjqaAu2x6w', '2016-01-27 20:48:25', '2016-08-29 07:13:29', '2016-09-26 10:12:09'),
(41, 'sl512047@gmail.com', '$2y$10$T6gf.9aqfSZA.f29FC1fjO0xP/1W.IXYIXKwzKMae99IJ1ngaoPOu', '+380633356777', 'CharmingAnastasia', 'w', '1992-04-03', 'Ukraine, Kiev', '/img/pr/41/1462572391.38093500.png', 43, 127, 'aries', 'blue', 'chestnutBrown', 'beginner', 'I am funny, easy going person. I am responsible and can be demanding sometimes. I like to dance and to read when I have free time from my small business. \r\nI try to find just a MAN. I don''t care how old is he. I don''t care where is he from. The only one thing I know that he will not be from Ukraine:)\r\nSo If you are real MAN. I am real Woman for you.  ', NULL, 'user', 'en', 1, 1, '7hjWENzkzvO4RKe00lS7JYkdz9IoURPxMR1xUj8r7pMDLri1ruboIhH0kOld', '2016-01-28 21:07:36', '2016-09-20 08:19:06', '2016-09-23 11:49:28'),
(42, 'yulichka.smirnaya@inbox.ru', '$2y$10$piF48kshdR9Dv.FdCxsToeZJfv/a.lsxBm132o2.M5QB2AinN6QTa', '+380634977150', 'Julia_Angel', 'w', '1995-03-09', 'Ukraine, Kiev', '/img/pr/42/1463868866.96445200.png', 60, 127, 'pisces', 'green', 'blond', 'elementary', 'My name is Julia! And I live in Kiev. I work as a pharmacist. In my spare time I like reading, sports ( especially running), travelling and dances. I am funny, sociable lady. I want to find a man till 40 years old for family life and having fun together;) \r\nPlease, write  me. This is what I need', NULL, 'user', 'en', 1, 1, 'eEVhLvkEznpCE5mIVKfept9Kln5W3JQKBlBJ2TtK3i57PHEsxU9eAbQHrUA8', '2016-01-28 21:23:21', '2016-08-29 07:07:14', '2016-09-23 11:49:28'),
(43, 'nishka2061994@gmail.com', '$2y$10$U6.iCPxJhqRcnP7s4iRQaO.lrVPgEPPbAloGVQo7aaosstqLTtO/6', '+380683125418', 'Sunny_Irina', 'w', '1994-06-02', 'Ukraine, Kiev', '/img/pr/43/1454108068.51659400.png', 58, 127, 'gemini', 'brown', 'blond', 'elementary', 'I am nice and interesting lady! Horses are my passion. I do horseback riding. This is my hobbie and life. So I guess I have to find someone from Texas;) am i right?\r\nBesides it I am active, positive and optimistic person with good sense of humour. \r\nI try to find someone older than 30, who doesn''t smoke. My future husband must be kind, gentle person. Not rude and not alcoholic', NULL, 'user', 'en', 1, 1, 'MHrBn5IcqzJcGSLkfHKzlexSAqFvbiER5jxiHzRwKP1uyzQrY21j5ZZPqIYM', '2016-01-29 20:22:51', '2016-06-29 19:55:39', '2016-09-23 11:49:28'),
(44, 'kristina.doroshenko88@mail.ru', '$2y$10$rh1.Yh5Abh4gsyFyVnQ6SeWz3TrTRcXiAu3QGYsmOn2FwM30jsCtC', '+380634747953', 'FantasticKristina', 'w', '1988-10-20', 'Ukraine, Kiev', '/img/pr/44/1454109461.73352400.png', 65, 127, 'libra', 'brown', 'chestnutBrown', 'elementary', 'I am easy going person. I like to go to gym, reading, meeting with friends. I have technologist education. But I don''t work now. Now I plan to make a family, because this is what I want now. I want to make family with nice man. Age is not important for me. What I really hate about men is when they are cruel and greedy. If you are not like that, write me please', NULL, 'user', 'en', 1, 1, 'EXTqYWYjkBfBMWyqwu5RH8SA87adAaAZuLAk4HJjv3E9VQzs79JKGVArd2UE', '2016-01-29 21:02:49', '2016-08-29 05:50:19', '2016-09-26 10:12:09'),
(45, 'byrya4ok1985@gmail.com', '$2y$10$CPmDxzapiQ0u2sM/4If4P.92mNCEOeLtkxxVxnBGORXYZDgymrVnG', NULL, 'Vadim Buryakov', 'm', NULL, NULL, NULL, NULL, 120, NULL, NULL, NULL, NULL, NULL, NULL, 'user', 'ru', 1, 1, 'ACSyOMBsIVTEqy9fHSVOvcaVzRGXXjklQhTvIAVEZTfewbcPjtcSpnFEidNS', '2016-02-03 10:06:30', '2016-06-29 18:02:15', '2016-09-23 11:49:28'),
(48, 'bagmat@ukr.net', '$2y$10$C.KWB1vMw18VqQDrwm79H.bmY.Li3A6umFat6lCOWa1/3yJNedQoq', '+380631502940', 'Delicious_Olga', 'w', '1986-08-27', 'Ukraine, Odessa', '/img/pr/48/1455320806.82222500.png', 64, 173, 'virgo', 'brown', 'lightChestnutBrownHair', 'elementary', 'I like everything new and unusual, like to meet new people. Romantic but not stupid. I want to meet with and interesting guy for a friendship and if I like him, we can start the relationship.\r\nI work as Ukrainian teacher. If I find my prince I think it will be easy for me to learn English. Because I am teacher also:)', NULL, 'user', 'en', 1, 1, 'aADNqf428DWKruiN3xi2Q3VTPcaVytvUZphVvAr047kI6COfPDG45ztlsVnJ', '2016-02-12 21:38:46', '2016-07-27 04:47:53', '2016-09-23 11:49:28'),
(49, 'bilainna@yandex.ru', '$2y$10$pOdO947DdIQ3WYxPUBGuvee9YERj.iEOsICgB.yB73CR7idEoEhGa', '+380936231269', '_Cutie_Inna', 'w', '1990-11-26', 'Ukraine, Chernomorsk', '/img/pr/49/1456710446.35087700.png', 70, 178, 'sagittarius', 'green', 'black', 'beginner', 'My name is Inna. I am nice girl from Chernomorsk. This is city close to Odessa. I lived in many ukrainian cities before. My father used to be good policeman and we had to travel a lot. But I have never been abroad and would like to fix it. More of it I would like to have husband abroad. I think it is very interesting and I am ineteresting person. \r\nI have a lot of hobbies. I like archery, cooking, making soap and reading. \r\nI hope that I will find someone here. This is my hope!', NULL, 'user', 'en', 1, 1, 'k8dgE208ihmxSY50fftHwwmCwlANKqoxT5NLKHh3DZthjznmRXdaJZj1yWbd', '2016-02-16 19:45:02', '2016-09-06 05:16:53', '2016-09-23 11:49:28'),
(50, 'kalaydaira@meta.ua', '$2y$10$k/1W8W.pLIP3fQSujCDCuOerVbCI0pgkuxRcDmUGzIKHrcvbFDFmC', '+380971768233', 'Sweetums_Irina', 'w', '1965-08-25', 'Ukraine, Haysyn', '/img/pr/50/1462572180.34892200.png', 75, 171, 'virgo', 'blue', 'blond', 'advanced', 'Hello! This if you opened my profile it means that you are interested in interesting and mature women. I am English teacher at school. Also I work in the American peace corps for 8 years. \r\nI love my job, I love travelling, readind, movies, music. I like go to the gym. I have one grown up son. I am very proud of him.\r\nI have always had too active style of life. Few years ago I stopped and I understood that I missed something very important for life - love. And now I want to fix that. I want to find my love. I want to share everything nice what I have. I like to have fun. I am opened and sweet person. \r\nIf you are serious and need someone to share life with, you just write me;) I will wait with impatience', NULL, 'user', 'en', 1, 1, 'Wqb8WYtOHVMLF6XYxQ0xWVCAUPISfHFNGFpYauBxmGOmdu5XSFUFFnOy3UTw', '2016-02-16 20:05:41', '2016-05-06 19:03:12', '2016-09-23 11:49:28'),
(51, 'postnikova_tanya@mail.ua', '$2y$10$zLocB.WlOUBB7DqMCwTtL.jcc8GZYAcgbM.ShugGufXCytNlXsM7y', '+380981330957', 'Tanya_ForLove', 'w', '1969-04-11', 'Ukraine, Odessa', '/img/pr/51/1462571066.96026600.png', 50, 160, 'aries', 'green', 'lightChestnutBrownHair', 'beginner', 'My name is Tatyana. I live in the nice city Odessa. I am mature experienced woman. Who knows what she wants. And I try to find the same man. I want to travel together, watch funny movies (that''s enough for sad movies:), cook together, have walks in park, have fun and love. \r\nIn my age women like to do a lot of things. The same about me. I like reading, working about the house, cooking. I have few birds living on my roof and I try to take care of them:) I love nature. \r\nPlease, write me! I am sure we have a lot of common!', NULL, 'user', 'en', 1, 1, 'k0pZf4Ccw3pbAPylEQ4bQabgp3aE0D0mCOPbFuf9ab7mz1JoKilu3d0PUYxw', '2016-02-17 21:04:30', '2016-07-27 05:10:05', '2016-09-23 11:49:28'),
(52, 'vozduh@email.ua', '$2y$10$0zMcDrQ36F5z4i0BT3f8Q.IJYpTbp01PPA8Tc7kdpvjAbMPVqwtJS', '+380931460474', 'Angela_Sunshine', 'w', '1969-10-22', 'Ukraine, Odessa', '/img/pr/52/1462570798.74920900.png', 69, 176, 'libra', 'green', 'blond', 'beginner', 'My name is Angela. I work as a make up woman on TV channel. I have grown up daughter and son. They have their own lives and I understood that I am tired of being lonely (I am divorced for a long time). \r\nI have almost ideal character for relationships. I am honest, behaved, compromised, kind, funny, with good sense ohf humour. Will be the best friend and the best lover for my man. \r\nCome to me and we will become perfect together!', NULL, 'user', 'en', 1, 1, '49u6KxmpBnpLUogiOC2BZYF4W3KSCZyzOo0VzO5PG6yD2qRJAZu4pndkosXJ', '2016-02-17 21:19:06', '2016-05-06 18:40:07', '2016-09-23 11:49:28'),
(53, 'c_lunev@ukr.net', '$2y$10$SrSmM9PNjpIgTndVr0jBR.kgz0MIteLIiU80Ix1o/QTE12LJxc3Qq', NULL, 'Дмитрий Лунёв', 'm', NULL, NULL, NULL, NULL, NULL, NULL, NULL, NULL, NULL, NULL, NULL, 'user', 'ru', 1, 1, 'GlGcovQNBPyPrPof9bxrwyRBKQo7GgiJ71sE4xBxtQRygRn1lKkHKJd1AdA0', '2016-02-18 13:27:08', '2016-10-07 03:49:08', '2016-10-07 03:48:23'),
(54, 'k.rabichuk@mail.ru', '$2y$10$/NT27FPJKYXk/rRhtM/4ouooJMvjF9yOdnzkrHna78dR5yOjKY68.', '+380731055899', 'Shapely_Kseniya', 'w', '1994-02-11', 'Ukraine, Odessa', '/img/pr/54/1463607058.29868100.png', 45, 160, 'aquarius', 'blue', 'red', 'beginner', 'I am soft person. My mother says that people use me, because I am like that. I hope you will not use it. I can help you and support you if you love me! I love fitness and music.\r\nMy man must not be jealous. He likes to travel. I like men who take care of their health and body.\r\nPlease, contact me if you like nice ladies', NULL, 'user', 'en', 1, 1, 'LdxsoCbUQjHJ9WKDyNlZEvFaTVxg6zO18jpHfIW4jlPyy65EjAhqVvTQzfyj', '2016-02-18 21:58:16', '2016-09-12 20:03:00', '2016-09-23 11:49:28'),
(59, 'james@mail.ru', '$2y$10$AZArLT/xvYJX9Uc0HtYQreD0BFmJajjbHtZVAS7VSCjbU/f0yhNN.', NULL, 'James', 'm', NULL, NULL, NULL, NULL, NULL, NULL, NULL, NULL, NULL, NULL, NULL, 'user', 'ru', 1, 1, 'QKXHWZvUw05e1sxk7ZvDzthSI3SNbovGlkh9CZqM5cnRMRnH2R37nfaFm0bD', '2016-03-30 08:03:52', '2016-09-09 07:12:15', '2016-10-07 03:51:25'),
(63, 'roma_kovalevich@mail.ru', '$2y$10$Z6ASgCV5m20ZbTieQQJh/.wVCS6.v.VcHbzKKEcFQpulMSCHyVZa.', NULL, 'Roma Kovalevych', 'm', NULL, NULL, NULL, NULL, NULL, NULL, NULL, NULL, NULL, NULL, NULL, 'user', 'ru', 1, 1, '7uItwDPjMyR7PxoTiXSr7twuAZcIgK3xsHHaXvuzmymfYmUGmGBVErHxiiZt', '2016-03-31 05:02:52', '2016-07-29 08:52:06', '2016-09-23 11:49:28'),
(66, 'Anoli0309@mail.ru', '$2y$10$JuEMENU/vj7X/enaIKF7lujetklDp3UfYSXyTf1pmDtq3HE4lRLlu', '0631778236', 'Ukrainian_beauty', 'w', '1990-09-03', 'Ukraine, Uman''', '/img/pr/66/1462569446.03491400.png', 60, 170, 'virgo', 'brown', 'chestnutBrown', 'elementary', 'I don''t believe in accidents. I think everything happens with the reason. So I am here with the aim! \r\nI am nice woman. I work as a judge''s secretary. I like reading, riding a bike, laughing, family meetings etc. I have never been married before and don''t want kids. But I want both;)\r\nIf you want the same and you like homemade food. Please, write me;)', NULL, 'user', 'en', 1, 1, 'T0cx1N5QWute8f4CLaPQv3bsCv0d4LtJHa6um3er8oV4v05dpc8jyGu2sh5T', '2016-05-06 18:00:32', '2016-08-27 21:28:42', '2016-09-23 11:49:28'),
(68, 'katherinalul@mail.ru', '$2y$10$Q2zbsvS5dDqM/SqXquWbROsD.9LfW6qQHFU4js45yH0/cx3I9MwbC', '+380677982434', 'Blondie_Kate', 'w', '1992-12-07', 'г. Одесса', '/img/pr/68/1466806195.60479000.png', 50, 167, 'sagittarius', 'blue', 'blond', 'beginner', 'I am sweet Odessa lady which wants to find nice real man. I don''t care about age and financial situation of him. But I want to be sure that for me this man will do many things. Because I am ready to do a lot of things for my man. I am kind and romantic person. I like cooking and knitting. On the summer I like to go on the beach. Will you join me? ;)', NULL, 'user', 'ru', 1, 1, 'BuT8D1dfEhhU6Wq4Jn7NEDfzpIcie7FeYr07TAiGgybL9NAqgI1pMmdwHQDu', '2016-06-24 19:01:35', '2016-08-29 10:32:13', '2016-09-23 11:49:28'),
(69, 'stashenko91@bk.ru', '$2y$10$xpXaFcCE2xRz.R7AfO2sN.F/XCqk0HiZoBzqchGyrue9KmIXPwbY2', '+380677117644', 'AnnaSingle', 'w', '1991-02-27', 'Odessa', '/img/pr/69/1466894170.09880900.png', 50, 172, 'pisces', 'brown', 'chestnutBrown', 'beginner', 'I am very open and cheerful. I love to meet new people and learn from them something new.I like people with a good sense of humor. I like to joke and I hope everybody will understand my jokes.\r\n I think that there is no need to be upset, when there are so many things in this life you can enjoy. I try to find positive sides in everything.\r\nI like to spend my free time cheerfully, walking with my friends. I like changes in my life. I love dancing very much. It really helps me to express myself and of course to stay in good shape. I love cars. I want purple Nissan Juke. )\r\nI am looking for intelligent , wise, clever and man. Man has conservative views and who has strong character and he has to be ready to conquer my heart and to be the only one for me.', NULL, 'user', 'ru', 1, 1, 'WVncidcijJqRnktLL3RJ0T2ojIC5OSpXn3aM8WZ70DGnUTXgt5ZXFIQoeI1u', '2016-06-25 19:31:02', '2016-08-29 13:35:22', '2016-09-23 11:49:28'),
(70, 'julia1s@mail.ru', '$2y$10$fw7sMbXZp3byndLlv7VtWuEV5Q1jByv89R9Dfr1VO1bYBdlEE.P56', '+380931556695', 'Juliana_Treasure_', 'w', '1981-11-05', 'Одесса', '/img/pr/70/1467063069.76215500.png', 56, 170, 'scorpio', 'brown', 'darkBrown', 'elementary', 'I am tender and kind lady! Many people said me that I am too kind. Maybe that''s why I am so lonely. I have many friends. But I don''t have beloved one.I have many hobbies. I like reading. Also I like sport. I do joga almost every day. We can have joga for couples one day;)\r\nI try to find the best man ever\r\nMy dear must be kind and honest. I want to find someone special. Someone who is comfortable with me doing anything. Like watching movies or having fun on the beach.', NULL, 'user', 'ru', 1, 1, 'Gs0g9g8GM8NqnKzhIxJ8K5zNxlmpROlHsaBMJoPgkoQ9qfGJfSBSIrz3A5lG', '2016-06-27 18:22:50', '2016-09-09 11:49:02', '2016-09-26 10:12:09'),
(71, 'mike.gross202020@gmail.com', '$2y$10$jCepGleLJWXTLGbjSwSgKuRpcWc87E6ECvvgdMpOiOVtd5Qc9ZO8e', NULL, 'Mike', 'm', NULL, NULL, NULL, NULL, NULL, NULL, NULL, NULL, NULL, NULL, NULL, 'user', 'en', 1, 1, 'iETAvyYbHdtColK5pfm5Fx4dWYNKGANne7mTEGZs0Zyw2g8hcPC3FTpyNLUh', '2016-06-28 06:46:49', '2016-09-09 19:08:15', '2016-09-23 11:49:28'),
(72, 'elena1990@mail.ru', '$2y$10$JQ8BRs1wZKTvn33nvOej2.OAPlzZRwdyj2fnvjjtYHhpkcMUoscl2', NULL, 'Elena_Candy', 'w', NULL, NULL, NULL, NULL, NULL, NULL, NULL, NULL, NULL, NULL, NULL, 'user', 'ru', 1, 1, 'FnZSIpIRtIGaOq9gK6iJ6Iua20BbL8K0LZADtc5NmYHaXLJpyc6Wfe4ejgm9', '2016-06-28 09:23:44', '2016-06-30 18:22:22', '2016-09-23 11:49:28'),
(73, 'the_big_d@gmx.net', '$2y$10$v8psLiY7XC1Roi7flwgMmujedlHNG7TIG2.xzVwV4z9.5ZNVgaBrq', NULL, 'Ben Dannenmaier', 'm', NULL, NULL, NULL, NULL, NULL, NULL, NULL, NULL, NULL, NULL, NULL, 'user', 'en', 1, 1, 'fhFnOMjL5Dhtd1CGzPlJN9dXt7TpnqF80I4BWmPFtylhynrYJndiimoDJWNK', '2016-06-28 17:14:09', '2016-08-23 19:15:48', '2016-09-23 11:49:28'),
(74, 'angelstouch90@mail.ru', '$2y$10$Dv0QIGHPKBaf.Q8Y4IQMzOn7qaLHvUvZe.VMVJFPWaLXMGdvskBYW', NULL, 'Angels_Touch', 'w', NULL, NULL, NULL, NULL, NULL, NULL, NULL, NULL, NULL, NULL, NULL, 'user', 'ru', 1, 1, 'TuWWkTtuTdD5AWmCcEyMkBDIiRY8lFwet2NstEfGvP7ejXKkaj0JM7LQT0E5', '2016-06-28 17:50:44', '2016-06-28 17:53:00', '2016-09-23 11:49:28'),
(75, 'Skarlet300008@mail.ru', '$2y$10$htm7jkrMcMRGAUJm6SKpPOnZ7rHx6n3fjHkCmPnIqGnDLbrIdUEBW', '+380982663657', 'Natalia_The_Nymph_', 'w', '1981-07-09', 'Ukraine, Odessa', '/img/pr/75/1467148360.66953700.png', 50, 169, NULL, 'green', 'black', 'elementary', 'I am cheerful , mysterious, refined. I like beautiful music and dancing. I love walking on the beach. I like travelling. \r\nAlso I am painter. I have many pictures. If you want I will show you. I dream about painting my beloved one\r\nI try to find someone like me. Who likes interesting things. Can go to museum with me. And do a lot of stuff together;)', NULL, 'user', 'ru', 1, 1, '2OjKLTwlXN3YX2HBoM2aKuDkqbXbSovxDTygZEHYTLwzzttD90ExUJlCS06L', '2016-06-28 18:00:27', '2016-06-29 17:51:06', '2016-09-23 11:49:28'),
(76, 'elena.zyk@ukr.net', '$2y$10$yAPXLR.LU5DUNFWPcoEf/O7xI9N0011K6f1aJEBsnpPy/0mYslsP.', '+380934704123', 'Elena_The Beauty', 'w', '1989-12-14', 'Ukraine, Kiev', '/img/pr/76/1467240087.07535400.png', 65, 175, 'sagittarius', 'brown', 'mediumBrown', 'elementary', 'I am honest and funny lady. I like reading and being on the beach in the summer time. \r\nI am responsible lady and try to find responsible man. I don''t care about age. But he must want kids in the future. Because I do want;) I can be the best wife for you! \r\n', NULL, 'user', 'ru', 1, 1, 'gHzQsqNkS8e6PpCcto3kYLuPpKqJ3bobtcrFXYnJ3UScxHZ0KlKalBVvOaDs', '2016-06-29 19:32:21', '2016-08-30 07:29:56', '2016-09-23 11:49:28'),
(77, 'Elena1991@mail.ru', '$2y$10$IUgm01r3ORJpDEXYWw28CeKzM1QpLdDwIvg0T2081tWlzSgHktwwW', '380973065987', 'Amazing_Babe', 'w', '1996-04-29', 'Ukraine, Kiev', NULL, NULL, NULL, NULL, NULL, NULL, NULL, NULL, NULL, 'user', 'en', 1, 1, '1V79oTyDphVQ89nT754JeeqIfySxuZE2xwEcpEDMMnfZZplOLXfjur4rSrlC', '2016-06-29 23:34:36', '2016-07-26 16:03:25', '2016-09-23 11:49:28'),
(78, 'angelina_pearl@mail.ru', '$2y$10$TwpE62/0PytAgnA.uZWgieahFaLrxiXYoVmhxpWBS6DE8urpwAMyC', '+380959267170', 'Angelina_Pearl', 'w', '1993-03-14', 'Ukraine, Odessa', '/img/pr/78/1472249894.48698700.png', 50, 165, 'pisces', 'green', 'white', 'intermediate', 'I am nice and intelligent girl. Unfortunately I am not so good in English, but I am good in French. I like travelling , but never travelled aborad. I wish I can visit Brasil. Will you Take me? \r\nI love movies, reading, dances. I used to be a dancer before I grew up and understood that I am too serious for that. LOL\r\nMy man must be with good sense of humour. I think that this is the most important for me!!!;)\r\n', NULL, 'user', 'ru', 1, 1, 'uJcKUXoRQcvaX6kwiuvvUGEu7vst5tgz2gml8c1qmj50dobRyjOnqxbbIKFO', '2016-06-30 19:27:57', '2016-08-26 19:20:00', '2016-09-23 11:49:28'),
(79, 'positivic@gmail.com', '$2y$10$dg7wVDyba1ZrSmUv0MKk/uwGkPWaa9up8bBiGgE9SbphslWD/WNZu', '+380933584995', 'Artistic_Victoria', 'w', '1984-05-14', 'Uraine, Odessa', '/img/pr/79/1467327288.41387800.png', 55, 167, 'taurus', 'blue', 'blond', 'elementary', 'I am an architector. When I have free time I work as a dj in clubs. I like dances and ride bicycle. I try to find good and artistic person. Why  artistic? Because he has to understand me and be interested in me;)He must like sport and travelling. I have never been abroad of Ukraine, but I am sure I will like it;)', NULL, 'user', 'ru', 1, 1, 'RblORvKsTi1peTDGtB70Ff1kGv2I0fAJ0YEHggnOGQn7TVJgnygkDMsy1zMI', '2016-06-30 19:46:28', '2016-08-26 21:02:52', '2016-09-23 11:49:28'),
(80, 'victoria_for_love@mail.ru', '$2y$10$N3MYMUDphdRsqX0.Eu5qt.WP3qLyaiZDhlBfTdulh6hoQjX4293pe', '+380677982434', 'Victoria_For_Love', 'w', '1990-07-18', 'Ukraine, Odessa', '/img/pr/80/1467407746.92523100.png', 46, 164, NULL, 'blue', 'blond', 'elementary', 'I am good sportive lady from Odessa. I like fitness, swimming and any kind of sport generally.', NULL, 'user', 'ru', 1, 1, '2ksnQCDmR0bLAFTmS5WHWEiD0w21mkZYEDP1rSi5u0LSzY2VzbNeh41czabo', '2016-07-01 18:08:07', '2016-07-01 18:15:52', '2016-09-23 11:49:28'),
(81, 'alina_the_rose@mail.ru', '$2y$10$zWOpCaknLfE7VkdGekUpH.U8o1zN6ICf/N5q0yD7pd1RMXWeU22Xu', '+380000000000', 'Alina_The_Rose', 'w', '1991-03-10', 'Ukraine, Odessa', '/img/pr/81/1467409116.11601400.png', 52, 171, 'pisces', 'green', 'white', 'elementary', 'Hello! My name is Alina and I am smiling ukrainian lady. \r\nI like horse-riding, modeling and dancing.\r\nI like to travel also. I have been in Turkey before, but would like to visit France and Italy. Will you take me there?:) ', NULL, 'user', 'ru', 1, 1, '377Fp6PkVmpQiBOVwBRSU64OoJ6mlPlI8Td79YKPJKuA6xqm7IcdCdlW55QA', '2016-07-01 18:26:31', '2016-09-06 04:40:20', '2016-09-23 11:49:28'),
(82, 'miracle_od.m@list.ru', '$2y$10$pMra.NTY.nlxLGNQy3KCB.1bCKpXtwY1TtkwoTL9QD0gNTm15ECPy', '+380632587943', 'Your_Dream_Elena', 'w', '1991-09-15', 'Ukraine, Odessa', '/img/pr/82/1467497273.56083600.png', 55, 171, 'virgo', 'green', 'chestnutBrown', 'advanced', 'I am 25 years old. I like dancing, meeting new people, I have healthy life style. Don''t eat candies. I like sport. I dream about bearing beautiful daughter who will be dancer or model in the future;)', NULL, 'user', 'ru', 1, 1, 'hO9s3JW3vUGu9XuOmMaGaFasRbf2Sv5aGFX6uzMtV39I2u6JyNRu9NlSCZmM', '2016-07-02 19:00:06', '2016-08-10 03:50:08', '2016-09-23 11:49:28'),
(83, 'magic_aisa@mail.ru', '$2y$10$kCdS2iHgGjiq8UpXWdLZoedT6mNdGn.tu.5ukpZtOxDlEjBF0gIvy', '+380000000000', 'Magic_Aisa', 'w', '1994-01-18', 'Ukraine, Odessa', '/img/pr/83/1467498337.32118600.png', 47, 170, 'sagittarius', 'blue', 'mediumBrown', 'elementary', 'My name is Aisa. I am not typical Odessa lady:) I like dancing and singing. I want to find husband abroad. I think it is interesting. I am sure men from another countries are much better than in Ukraine. I will be the best wife for sweet and kind man! ', NULL, 'user', 'ru', 1, 1, 'fU64Goq4vAbW1Dk5QrW8x6eMiC3L80frdxVMZ85NptYUrJkSlIbv6GVK083t', '2016-07-02 19:19:09', '2016-07-02 19:25:46', '2016-09-23 11:49:28'),
(84, 'Mariyamariya21@bk.ru', '$2y$10$xzE469.tGFnqqoToHsI5yOUO5yyPdt2/prJeeX.FTsMPOTluQkWyu', '+380636970415', 'Smiling_Mariya', 'w', '1992-11-21', 'Ukraine, Odessa', '/img/pr/84/1467581681.41403700.png', 50, 167, 'scorpio', 'green', 'black', 'elementary', 'I am dreamy lady. I like travelling and watching movies. I have healthy life style. Enjoy;)\r\nI have law education. But my soul is with dances. I can do belly dance and strip dance. \r\nI want to find active man. With kind heart and cold mind. Please, write me if you read my profile!', NULL, 'user', 'ru', 1, 1, 'lSJCn86vIssMMbINSqIHuxCCyyQMQzuE62bpoROwVrbtjbBs0ZYyYCsOju5E', '2016-07-03 18:17:24', '2016-08-26 21:14:27', '2016-09-23 11:49:28'),
(85, 'Daria_in_Heart@mail.ru', '$2y$10$vZ5YLNmBE9GMHkv8t0dsJu/KN.lmMEZjY57EUmoYuq9hDR8bHMS6i', '+380000000000', 'Daria_in_Heart', 'w', '1992-06-17', 'Ukraine, Odessa', '/img/pr/85/1468359548.67191600.png', 52, 172, 'cancer', 'brown', 'black', 'elementary', 'Hello! \r\nMy name is Darina. I am sexy lady from Odessa. I am artistic, lovely. I like to paint writing poems. \r\nI am here to find good and nice man, who can deal with not simple people like me. I can be demanding sometimes. But I will give a lot in back!\r\nIf you are ready for this, I am waiting', NULL, 'user', 'ru', 1, 1, 'eABHh6MqLEoHFi7YvGgOMdAGGH0rPCsWFAw1k6rLGfnr4CEMRyK50TcxsBBq', '2016-07-12 18:30:35', '2016-08-26 21:12:00', '2016-09-23 11:49:28'),
(86, 'da@mail.ru', '$2y$10$IzHsSK4Ut1rhc8hKAoLl4ujIHTa.XmSZ0Ov84blXtlFPpXTEf51tO', NULL, 'Vlad', 'm', NULL, NULL, NULL, NULL, NULL, NULL, NULL, NULL, NULL, NULL, NULL, 'user', 'ru', 1, 1, NULL, '2016-07-22 08:54:21', '2016-07-22 08:54:21', '2016-09-23 11:49:28'),
(87, '13fredom1313@gmail.com', '$2y$10$HqOcmc0JoQlg/hX.L5YtueW8wClG.ORZDSGgKUVPahvznQvAVjSKy', NULL, 'Владимир Харлашин', 'm', NULL, NULL, NULL, NULL, NULL, NULL, NULL, NULL, NULL, NULL, NULL, 'user', 'ru', 1, 1, 'gC1YS30RbeEP6xTyc9UZKGShEgV2k3twnH4r22gXt3a90MCvcdAeEpwVIJdS', '2016-08-02 11:57:26', '2016-09-19 07:12:58', '2016-09-23 11:49:28'),
(88, 'dahin10@ukr.net', '$2y$10$HYhcDmRjk9Kjov3ES1JYkeKzcxigzpHor85VsaYN.QZA9BLpADtwq', '+380631485909', 'Incredible_Daria', 'w', '1994-11-13', 'Ukraine, Odessa', '/img/pr/88/1470519734.03532500.png', 50, 160, 'scorpio', 'blue', 'white', 'elementary', 'I am dentist from Odessa, who doesn''t have time to find someone in real life. But I want to find my soulmate, to meet new people. Especially from abroad. I think it is very interesting. I am ready to leave this country and to spend my life with my beloved one. Write me. Don''t be shy;)', NULL, 'user', 'ru', 1, 1, 'CwCydlNki5DIyn2QBWSMOw4zpITK91OmeuXXSypmiqhY4xJ4Oh2OKP4fcITe', '2016-08-06 18:16:46', '2016-08-06 18:42:33', '2016-09-23 11:49:28'),
(89, 'svetlana_your_sun@mail.ru', '$2y$10$E6JdZog72n5154jWyziKlewxtquD0Q/58rJKdyzQGd/Jknw79maMy', '+380000000000', 'Svetlana_Your Sun', 'w', '1989-12-14', 'Ukraine, Odessa', '/img/pr/89/1470521388.45547800.png', 55, 175, 'sagittarius', 'green', 'chestnutBrown', 'elementary', 'I am nice Odessa girl. Normally I am from Moldova and have very passionate character. I hope you like it;) \r\nI live in Odessa for 10 years. And I am in love with this city. But men are "different". I need someone who can take care of me, who can love me and be my mental support. I am ready to do the same for my man. If you need it. Please, write me!', NULL, 'user', 'ru', 1, 1, 'IjuIeJoqOoONMkokZPJrja8BPYxXSUUkKu5FViLYnF26GCsjmxt6RRl2SHw0', '2016-08-06 19:01:57', '2016-09-05 14:08:49', '2016-09-23 11:49:28'),
(90, 'terrypring1968@gmail.com', '$2y$10$Du6ejETWHAWsJXN8cwAg7ORJ7Vnd2vldflhat1e18BA1k.lQIwIkW', NULL, 'Terry ', 'm', NULL, NULL, NULL, NULL, NULL, NULL, NULL, NULL, NULL, NULL, NULL, 'user', 'en', 1, 1, 'Smz2FXsliRbOA2kylpN8JTSVrwbuKhWwlFdkfCJdwLuH6Vry9LyaeaIDu1BA', '2016-08-20 13:35:48', '2016-09-09 16:29:45', '2016-09-23 11:49:28'),
(91, 'cats14@ukr.net', '$2y$10$t56qQM6xU5u.q6Rx5EMO.u6Qf3kl68J0ClEKzxQstH15vjpztF.BS', '+380939386540', 'Julia_For_Life', 'w', '1994-01-08', 'Ukraine, Odessa', '/img/pr/91/1471991197.35862700.png', 53, 164, 'capricorn', 'green', 'mediumBrown', 'elementary', 'I am shy, but easy going person, who lives not far from Odessa. But I study here. I am documentknower and PR-manager in the future. I like voley ball, orchids, watch nice people. Go to the cinema. Have fun. But to feel good I need more. I want to find beloved one. I want to share all my feelings with one person, who is ready to open the heart for me. He must be kind and romantic. With nice sense of humour. If you have all of this, please write me. \r\n', NULL, 'user', 'ru', 1, 1, 'gtxticaTWAQxZL90C46o9WYj3FUf4XnmyYo1mlOUpREE8CijBuWA6KP3xZN7', '2016-08-23 19:17:10', '2016-08-23 19:26:45', '2016-09-23 11:49:28'),
(92, 'marinina@mail.ua', '$2y$10$GldNfiy7XXI3s.ZRlSShQuoyPq/Oc21jnqMZxuQjTAgOsPl6M1Ary', '+380000000000', 'Marina_The_Big_Heart', 'w', '1989-10-22', 'Ukraine. Kiev', '/img/pr/92/1471992489.00672400.png', 50, 170, 'scorpio', 'green', 'lightChestnutBrownHair', 'elementary', 'My name is Marina and I work as a administrator of the beauty magazine. I am easy going, positive person. I smile all the time. I am active. I like travelling. I don''t like to sit at home doing nothing. So I need to find the same man. I want him to have active lifestyle. Age is not important. The most important is what inside of him. I am waiting for my Prince!', NULL, 'user', 'ru', 1, 1, 'N56dmUQBUNWuzdBUlAYQqwfKbPG9knud7rKTONLC2oMF5a721nT6rXZaQDKz', '2016-08-23 19:42:59', '2016-09-02 21:07:07', '2016-09-23 11:49:28'),
(93, 'ksyusha80808@rambler.ru', '$2y$10$o7OON4z.XJpEO2CvjbMRWucfepg5qqdib74tTp320lp5eLDTLak/K', '+380932450568', 'Kseniya_YourWife', 'w', '1966-02-15', 'Ukraine, Haysyn', '/img/pr/93/1472159654.46413500.png', 65, 164, NULL, 'blue', 'darkBrown', 'elementary', 'I am family orientied woman. I have many hobbies!I like knitting, embroidering, cooking, reading. I am very calm person. I have 2 grown up kids. They don''t live with me anymore. So I need a person who I can take care of. Give all my love and attention. I just don''t know how to be alone. If you have the same feeling, please, write me. ', NULL, 'user', 'ru', 1, 1, 'n2IvtFhCK8SnJI3Hoap20SXARm29TiUcKQQRea81b6zwWALkTQfIqfeM7gBp', '2016-08-25 17:59:32', '2016-08-29 04:21:49', '2016-09-23 11:49:28'),
(94, 'rwhite1032@hotmail.com', '$2y$10$Fp6qKH9wubd5c123iOtv/u/gs1Qcxwcy6yI8l9gum.ZuU6XwtUx/G', '8302143039', 'Russ White', 'm', '1965-08-05', 'USA , Texas', '/img/pr/94/1473483684.45741700.png', 122, 186, 'leo', 'brown', 'mediumBrown', 'native', 'Looking for a wife. Nothing else so if your playing games go some where else.', NULL, 'user', 'en', 1, 1, 'LdJpQ6FkNAcJChfLgleSXZC4A5VI2BkfZePeB8zKGOGepNBkK8ffhVXxiS2U', '2016-08-25 18:28:49', '2016-09-10 02:01:24', '2016-09-23 11:49:28'),
(95, 'protsenko-a@promarmadura.ua', '$2y$10$eLb9qX.nnU7nhixSIKYLsOQodEK68Ici951V.NiazvY5di6KlmE4u', '+380967598006', 'Alla_TheFlower', 'w', '1962-02-07', 'Ukraine, Dnepr', '/img/pr/95/1472249336.05803500.png', 52, 167, 'libra', 'amber', 'black', 'elementary', 'Hello! My name is Alla. I am good single lady from Dnipr. I like doing sport. I do it every day and with pleasure. I don''t smoke and don''t drink alcohol. I have a lot of energy and would like to share it with someone! \r\nI like to travel. I travel a lot. Especialy abroad the country. If you want, you can join me;)', NULL, 'user', 'ru', 1, 1, 'etJBrfURSIufwyLtzpsBGDANDXAM0GqQs7qtgv9nBgypBA7Phwl6FEbkJCSH', '2016-08-26 18:42:27', '2016-08-30 10:07:14', '2016-09-23 11:49:28'),
(96, 'gazzajay2k@gmail.com', '$2y$10$s8XRNhP/WjQTjamM4NVtuutRtiF4.DC.bjgANPu3FkkWcWMK33VxK', NULL, 'Gareth', 'm', NULL, NULL, NULL, NULL, NULL, NULL, NULL, NULL, NULL, NULL, NULL, 'user', 'en', 1, 1, '7lYG35OO04tzpMHRV0AGbYE5yZLRvvHQ0MJzOKjaNetP3zdJC6v1CmIhYNhV', '2016-08-28 10:32:53', '2016-08-28 14:29:16', '2016-09-23 11:49:28'),
(97, 'mbginc@hotmail.com', '$2y$10$6.mox8/T6V4ywYpTYbrtv.SEytaInH1Hh7frEOu659wzxjeHxCDQy', '4079476854', 'Michael B Gearhart', 'm', '1956-11-27', '1462 DEERLAKE CIRCLE APOPKA FLA 32712', '/img/pr/97/1472402638.94859700.png', 68, 175, 'sagittarius', 'hazel', 'lightChestnutBrownHair', 'native', 'EASY GOING ,NOT RICH MAN,SINGLE FATHER OF2.\r\nSMALL BUSINESS OWNER,\r\nI LIKE NATURE,THE OUTDOORS,PARKS,MOUNTAINS,WHITE WATER RAFTING,JUST SEEING NATURE AS ITSELF.\r\nNOT A NIGHTLIFE PERSON,NOT INTO CLUBBING.\r\nENJOY GOOD FOOD AND QUIET TIMES', NULL, 'user', 'en', 1, 1, 'cpD18yveEIB2lf3cCKAqje44GYyBARQZkezFrAoQGgXmbtznIlD88VZJKpsQ', '2016-08-28 13:26:29', '2016-09-07 20:53:22', '2016-09-23 11:50:09'),
(98, 'lyudalyu7@mail.ru', '$2y$10$/9eRKZ6E/y5LT4wrv31JwO2pJ1jJHmxoc9m6ev3jQ/Ogr9brC6NBq', '+38063-63-29-559', 'Flexible_Ludmila', 'w', '1980-12-05', 'Ukraine, Haysyn', '/img/pr/98/1472854901.24581600.png', 45, 159, 'sagittarius', 'green', 'blond', 'elementary', 'I am cool and posistive lady! I like sports. I am gymnast. I think that I do it since I remember about myself something;)\r\nAlso I like planting. I plant rare species. It is very interesting for me. To make life;)\r\nI want to find nice man. Who likes life. Who is positive like me. Who see the life in positive way. We will laugh together and enjoy our life. ', NULL, 'user', 'ru', 1, 1, 'WwdDY8Uzinu5lweJyQm97pXCibpK6YuScQgloqG7kJTvmmInPRkalJdmPMQD', '2016-08-28 17:54:46', '2016-09-06 19:23:17', '2016-09-23 11:49:28'),
(99, 'Kowen@usa.com', '$2y$10$3ZE7jGGP3pvx4Wogfooh2e5MLvb7.Ug7XNr9g/4CdtecW6R.XWi2W', '907-242-0510', 'Kimbrough owen', 'm', '1950-08-22', '11508 Tanglewood lakes cir.  Anchorage, Alaska ', '/img/pr/99/1472432654.54518900.png', 69, 168, NULL, 'blue', 'white', 'native', 'I''m looking for my love, y partner my wife!  I''m pretty active and love to hike!  I live near the mountains and try to get out as often as I can.  I love to read, the arts, all kinds of music, the movies, traveling( preferably somewhere warm!))).  I hope I meet someone here!  Thank you for reading this!\r\n\r\nKimbrough', NULL, 'user', 'en', 1, 1, 'k97s02unA1rXWBeNNth270zMuTWTxMTg4lX9gVJVIK0HcjdtZnKnYIADI6h7', '2016-08-28 18:03:14', '2016-08-31 13:30:04', '2016-09-23 11:49:28'),
(100, 'free.skay@mail.ru', '$2y$10$ppISppZGT3YA8UCLakewRO6G6BON9qxS9Y.Y5lls/n5B4m..wGCOS', '+380509270247', 'Unusual_Oksana', 'w', '1986-02-11', 'Ukraine, Kiev', '/img/pr/100/1472420375.48848600.png', 47, 168, 'aquarius', 'brown', 'black', 'elementary', 'Hello! My name is Oksana. I am hardworking girl from Kiev. I work in the big supermarket as a manager. Only now I started to understand that I work all the time and this is the reason why I am single. \r\nNow I am 30 years old and I am single and I want to fix that!\r\nI don''t care about age. The only one thing I want is to make beautiful family. If you want the same, please, write me. ', NULL, 'user', 'ru', 1, 1, 'S9r8Qx35NWAjQFRcc1lCdiaW8zR8XnGyNWybvZcYw1YCHRpcRNyPfI67oJ2k', '2016-08-28 18:26:31', '2016-09-02 19:21:09', '2016-09-23 11:49:28');
INSERT INTO `users` (`id`, `email`, `password`, `phone`, `name`, `sex`, `bdate`, `address`, `main_photo`, `weight`, `height`, `zodiac`, `eyes`, `hair`, `en_level`, `about_me`, `youtube`, `rights`, `locale`, `viewer`, `active`, `remember_token`, `created_at`, `updated_at`, `last_visit_at`) VALUES
(101, 'olyalupinskaya77@mail.ru', '$2y$10$AENKR.jumtkcxkmgq6Bkpe9BKk/O09Amx9DlgHLrsNiLYkkjkIqO6', '+380675620436', 'BlondBeauty_Olga', 'w', '1977-11-22', 'Ukraine,. Dnepr', '/img/pr/101/1472854830.21564800.png', 60, 172, 'scorpio', 'green', 'blond', 'elementary', 'I am kind, hardworking woman. I know my good and bad sides. I work on that half of life;)\r\nTry to become better. \r\nI love people, I love life. \r\nI hope to find a man who can be the same positive as I am. Who can see the best even in something bad. \r\nAge and money is not interesting for me. \r\nThe most important - the man''s inner world. He must have harmony inside. \r\nIf you are like that, please, write me!', NULL, 'user', 'ru', 1, 1, '7ODHuWHfmha9nXgEQChCclCNKG2Nx1yUh8ct0mCJJFKN90AbnKoSkM48nFBR', '2016-09-02 19:03:45', '2016-09-02 19:20:35', '2016-09-23 11:49:28'),
(102, 'jama80120@aol.com', '$2y$10$xGwAaB.DcACDE4mcQWMSReqvwcSqsqP5etHPSIdOn7Jh7AAgFWCv.', '2812177111', 'John Pratt', 'm', '1965-07-24', '25711 oakhurst dr spring texas 77386', NULL, 82, 175, 'leo', 'brown', 'mediumBrown', 'native', 'I want a woman who is faithful, HONEST, wants a family, will be loving and caring to her man.\r\nI have tried many of these sites and have been hurt, had people take money from me and break their promises. I do not want it to happen again', NULL, 'user', 'en', 1, 1, 's5NsDwCUX1FKAm1kaPnlrhzcysoCaHhHydnxDcEmAYgu9fRSrfRz9IplYSWC', '2016-09-05 19:40:22', '2016-09-12 13:17:35', '2016-09-23 11:49:28'),
(103, 'Juliette30793@mail.ru', '$2y$10$.N.8xH3qy2dMa80WjvVcHeRXnphKxdZuLi5TNkOnDxUG2qAuLMkii', '+380932616013', 'Blooming_Julia', 'w', '1993-07-03', 'Ukraine, Odessa', '/img/pr/103/1473458173.46153800.png', 54, 170, 'cancer', 'gray', 'blond', 'elementary', 'I am sweet Odessa lady! I like sports. I go on swimming. I work as a hairdresser in the beauty salon. When I was a kid I was dreaming to go to New York. I think that maybe that''s why destiny brought me here. So I can find my husband abroad and visit New York with him. \r\nI know maybe it is too naive, but I think that the USA one of the best countries on the world. I love summer. So it is better if my man is not from Alaska. But love doesn''t know limits. So if someone liked my profile, you write me. Whenever you are;)', NULL, 'user', 'ru', 1, 1, 'Fl9FBIV21bmqKhkXvRmpncFNbsNEnl0f7umqpk18HB2ANEelZoB9zHjIt6y0', '2016-09-09 18:50:50', '2016-09-09 18:58:52', '2016-09-23 11:49:28'),
(104, 'Janna24.03.1992@inbox.ru', '$2y$10$smBinlnKHXn3Pc/kXe1TMOEbgOZUwskSwpv9YrxRh0L.2.4ThRWCm', '+380635211789', 'Natural_Tanya', 'w', '1992-03-24', 'Ukraine, Odessa', '/img/pr/104/1473458827.74417400.png', 60, 185, 'aries', 'green', 'darkBrown', 'intermediate', 'Hello. My name is Tanya! I live in the best city for living Odessa (not the best for working;). I play basketball. Strange thing about me - I love to play it, but don''t like to watch. I think it is boring for watching.\r\nIn spare time I like watching movies and dreaming. \r\nI dream to find my man and make big good family. I like european men. Honestly, I didn''t have experience with americans. But maybe this site will let me to meet some. So I will be able to change my opinion;) Anyway, if you are from Europe, especially, from Swiss, I will be glad if you write me.  \r\n', NULL, 'user', 'ru', 1, 1, 'NipuTZHkSbqy4lJFjP0CkzFlnpXyFeNiYtXsUTAA7FpVktQU9rP9x7L7fXar', '2016-09-09 19:00:58', '2016-09-09 19:07:19', '2016-09-23 11:49:28');

-- --------------------------------------------------------

--
-- Структура таблиці `user_favorites`
--

CREATE TABLE IF NOT EXISTS `user_favorites` (
  `id` int(10) unsigned NOT NULL,
  `user_id` int(10) unsigned NOT NULL,
  `fav_id` int(10) unsigned NOT NULL
) ENGINE=InnoDB AUTO_INCREMENT=34 DEFAULT CHARSET=utf8 COLLATE=utf8_unicode_ci;

--
-- Дамп даних таблиці `user_favorites`
--

INSERT INTO `user_favorites` (`id`, `user_id`, `fav_id`) VALUES
(12, 3, 30),
(13, 4, 38),
(7, 15, 27),
(8, 19, 22),
(20, 19, 49),
(11, 20, 27),
(22, 38, 29),
(16, 38, 63),
(2, 49, 15),
(15, 63, 38),
(10, 69, 2),
(21, 87, 49),
(30, 94, 21),
(23, 96, 52),
(28, 97, 28),
(27, 97, 70),
(33, 97, 75),
(29, 97, 79),
(26, 97, 89),
(24, 98, 99),
(25, 99, 98),
(31, 102, 54);

-- --------------------------------------------------------

--
-- Структура таблиці `user_photos`
--

CREATE TABLE IF NOT EXISTS `user_photos` (
  `id` int(10) unsigned NOT NULL,
  `user_id` int(10) unsigned NOT NULL,
  `img` varchar(255) COLLATE utf8_unicode_ci NOT NULL
) ENGINE=InnoDB AUTO_INCREMENT=206 DEFAULT CHARSET=utf8 COLLATE=utf8_unicode_ci;

--
-- Дамп даних таблиці `user_photos`
--

INSERT INTO `user_photos` (`id`, `user_id`, `img`) VALUES
(6, 24, '/img/pr/24/1453336433.18560400.png'),
(7, 24, '/img/pr/24/1453336433.24959400.png'),
(29, 38, '/img/pr/38/1453849848.02529600.png'),
(30, 38, '/img/pr/38/1453849848.12260400.png'),
(41, 43, '/img/pr/43/1454108068.60025900.png'),
(42, 44, '/img/pr/44/1454109461.82221100.png'),
(43, 48, '/img/pr/48/1455320807.54045500.png'),
(44, 48, '/img/pr/48/1455320808.73629600.png'),
(45, 48, '/img/pr/48/1455320810.16149600.png'),
(46, 49, '/img/pr/49/1455659765.35104400.png'),
(47, 49, '/img/pr/49/1455659765.40196100.png'),
(48, 49, '/img/pr/49/1455659765.44477100.png'),
(69, 66, '/img/pr/66/1462569446.25631300.png'),
(70, 66, '/img/pr/66/1462569446.47665600.png'),
(71, 66, '/img/pr/66/1462569446.68140800.png'),
(72, 21, '/img/pr/21/1462570013.07180900.png'),
(73, 21, '/img/pr/21/1462570015.03274100.png'),
(77, 31, '/img/pr/31/1462570344.20210300.png'),
(78, 31, '/img/pr/31/1462570346.18924500.png'),
(79, 31, '/img/pr/31/1462570348.12816700.png'),
(83, 27, '/img/pr/27/1462570634.42764000.png'),
(84, 27, '/img/pr/27/1462570634.68123200.png'),
(85, 27, '/img/pr/27/1462570634.86674000.png'),
(86, 27, '/img/pr/27/1462570635.04790000.png'),
(87, 52, '/img/pr/52/1462570800.17678300.png'),
(88, 52, '/img/pr/52/1462570801.48083500.png'),
(89, 52, '/img/pr/52/1462570802.93229400.png'),
(90, 51, '/img/pr/51/1462571068.98468000.png'),
(91, 51, '/img/pr/51/1462571070.98632700.png'),
(92, 51, '/img/pr/51/1462571072.83120500.png'),
(93, 51, '/img/pr/51/1462571074.72931900.png'),
(94, 32, '/img/pr/32/1462571236.89078900.png'),
(95, 32, '/img/pr/32/1462571237.10455000.png'),
(96, 32, '/img/pr/32/1462571238.96253500.png'),
(97, 28, '/img/pr/28/1462571323.84992300.png'),
(98, 28, '/img/pr/28/1462571324.21995100.png'),
(99, 28, '/img/pr/28/1462571324.33917600.png'),
(100, 40, '/img/pr/40/1462571538.41931000.png'),
(101, 40, '/img/pr/40/1462571539.29344100.png'),
(102, 30, '/img/pr/30/1462571691.83515600.png'),
(103, 30, '/img/pr/30/1462571691.99658500.png'),
(104, 23, '/img/pr/23/1462571813.73335000.png'),
(105, 23, '/img/pr/23/1462571813.95552000.png'),
(106, 23, '/img/pr/23/1462571814.15502800.png'),
(109, 54, '/img/pr/54/1462571927.53770700.png'),
(110, 22, '/img/pr/22/1462572051.02797200.png'),
(111, 22, '/img/pr/22/1462572051.24633700.png'),
(112, 50, '/img/pr/50/1462572182.25823400.png'),
(113, 50, '/img/pr/50/1462572183.89126100.png'),
(114, 50, '/img/pr/50/1462572185.63229500.png'),
(115, 26, '/img/pr/26/1462572260.49956100.png'),
(116, 26, '/img/pr/26/1462572260.61865500.png'),
(117, 26, '/img/pr/26/1462572260.75822000.png'),
(118, 41, '/img/pr/41/1462572391.99629100.png'),
(119, 41, '/img/pr/41/1462572392.22691200.png'),
(120, 36, '/img/pr/36/1462572447.58105300.png'),
(121, 54, '/img/pr/54/1463607058.51703900.png'),
(122, 54, '/img/pr/54/1463607058.75340500.png'),
(123, 42, '/img/pr/42/1463868867.17027400.png'),
(124, 42, '/img/pr/42/1463868867.76652500.png'),
(125, 68, '/img/pr/68/1466806197.46202900.png'),
(126, 68, '/img/pr/68/1466806199.75721500.png'),
(127, 68, '/img/pr/68/1466806200.25562300.png'),
(128, 69, '/img/pr/69/1466894170.24622000.png'),
(129, 69, '/img/pr/69/1466894170.48068200.png'),
(130, 70, '/img/pr/70/1467063070.55041200.png'),
(131, 70, '/img/pr/70/1467063071.49538600.png'),
(132, 75, '/img/pr/75/1467148361.00282700.png'),
(133, 75, '/img/pr/75/1467148361.19941000.png'),
(134, 76, '/img/pr/76/1467240088.71142600.png'),
(135, 76, '/img/pr/76/1467240090.26692900.png'),
(136, 76, '/img/pr/76/1467240091.86189800.png'),
(137, 39, '/img/pr/39/1467240636.58298100.png'),
(138, 39, '/img/pr/39/1467240638.09459500.png'),
(139, 39, '/img/pr/39/1467240639.61367600.png'),
(140, 33, '/img/pr/33/1467241214.47619500.png'),
(141, 33, '/img/pr/33/1467241216.04470400.png'),
(142, 33, '/img/pr/33/1467241217.63967200.png'),
(143, 37, '/img/pr/37/1467241307.09055800.png'),
(144, 79, '/img/pr/79/1467327289.51857200.png'),
(145, 79, '/img/pr/79/1467327290.49649800.png'),
(146, 80, '/img/pr/80/1467407747.03236000.png'),
(147, 80, '/img/pr/80/1467407747.12878900.png'),
(148, 80, '/img/pr/80/1467407747.21075600.png'),
(149, 81, '/img/pr/81/1467409116.81125600.png'),
(150, 81, '/img/pr/81/1467409117.81077200.png'),
(151, 37, '/img/pr/37/1467464823.21701400.png'),
(152, 82, '/img/pr/82/1467497273.97430600.png'),
(153, 82, '/img/pr/82/1467497274.34278000.png'),
(154, 82, '/img/pr/82/1467497274.97041600.png'),
(155, 83, '/img/pr/83/1467498337.77504400.png'),
(156, 83, '/img/pr/83/1467498338.24110400.png'),
(157, 83, '/img/pr/83/1467498340.23060000.png'),
(158, 84, '/img/pr/84/1467581683.65505000.png'),
(159, 84, '/img/pr/84/1467581685.71285600.png'),
(160, 85, '/img/pr/85/1468359549.31640200.png'),
(161, 85, '/img/pr/85/1468359549.94319900.png'),
(162, 85, '/img/pr/85/1468359550.43054800.png'),
(163, 85, '/img/pr/85/1468359551.59598100.png'),
(166, 88, '/img/pr/88/1470519734.90457100.png'),
(167, 88, '/img/pr/88/1470519736.09687500.png'),
(168, 88, '/img/pr/88/1470519736.91555100.png'),
(169, 89, '/img/pr/89/1470521389.07602000.png'),
(170, 89, '/img/pr/89/1470521389.60360100.png'),
(171, 89, '/img/pr/89/1470521390.19567400.png'),
(172, 91, '/img/pr/91/1471991198.42670500.png'),
(173, 91, '/img/pr/91/1471991199.32819500.png'),
(174, 91, '/img/pr/91/1471991200.15176100.png'),
(175, 92, '/img/pr/92/1471992489.23223200.png'),
(176, 92, '/img/pr/92/1471992489.45192500.png'),
(177, 92, '/img/pr/92/1471992489.65217500.png'),
(178, 92, '/img/pr/92/1471992489.89149700.png'),
(179, 93, '/img/pr/93/1472159655.18861800.png'),
(180, 93, '/img/pr/93/1472159655.79020800.png'),
(181, 95, '/img/pr/95/1472249336.53719600.png'),
(182, 95, '/img/pr/95/1472249336.97351800.png'),
(183, 95, '/img/pr/95/1472249337.45808400.png'),
(184, 78, '/img/pr/78/1472249895.39750300.png'),
(185, 78, '/img/pr/78/1472249896.30856100.png'),
(186, 78, '/img/pr/78/1472249898.51130400.png'),
(187, 98, '/img/pr/98/1472418007.96989300.png'),
(188, 98, '/img/pr/98/1472418008.94430300.png'),
(189, 100, '/img/pr/100/1472420376.11238200.png'),
(190, 100, '/img/pr/100/1472420376.32605000.png'),
(191, 99, '/img/pr/99/1472432155.69028900.png'),
(192, 99, '/img/pr/99/1472432156.03785300.png'),
(193, 99, '/img/pr/99/1472432157.98977100.png'),
(194, 99, '/img/pr/99/1472432301.01613900.png'),
(195, 99, '/img/pr/99/1472432301.55512500.png'),
(196, 101, '/img/pr/101/1472854830.79917200.png'),
(197, 102, '/img/pr/102/1473115658.90681600.png'),
(198, 102, '/img/pr/102/1473115659.27255600.png'),
(199, 103, '/img/pr/103/1473458174.40486600.png'),
(200, 103, '/img/pr/103/1473458175.28762000.png'),
(201, 103, '/img/pr/103/1473458176.28331000.png'),
(202, 104, '/img/pr/104/1473458828.69937800.png'),
(203, 104, '/img/pr/104/1473458829.72156700.png'),
(204, 104, '/img/pr/104/1473458830.68220700.png'),
(205, 104, '/img/pr/104/1473458831.64398700.png');

-- --------------------------------------------------------

--
-- Структура таблиці `view_news`
--

CREATE TABLE IF NOT EXISTS `view_news` (
  `id` int(11) NOT NULL,
  `id_user` int(11) NOT NULL
) ENGINE=InnoDB AUTO_INCREMENT=10 DEFAULT CHARSET=utf8 COLLATE=utf8_unicode_ci;

--
-- Дамп даних таблиці `view_news`
--

INSERT INTO `view_news` (`id`, `id_user`) VALUES
(9, 59);

--
-- Індекси збережених таблиць
--

--
-- Індекси таблиці `billing`
--
ALTER TABLE `billing`
  ADD PRIMARY KEY (`id`),
  ADD KEY `billing_user_id_index` (`user_id`);

--
-- Індекси таблиці `billing_log`
--
ALTER TABLE `billing_log`
  ADD PRIMARY KEY (`id`),
  ADD KEY `billing_log_billing_id_index` (`billing_id`),
  ADD KEY `billing_log_partner_id_index` (`partner_id`);

--
-- Індекси таблиці `billing_paypal_cache`
--
ALTER TABLE `billing_paypal_cache`
  ADD PRIMARY KEY (`id`);

--
-- Індекси таблиці `chat`
--
ALTER TABLE `chat`
  ADD PRIMARY KEY (`id`),
  ADD KEY `chat_user_id_index` (`user_id`),
  ADD KEY `chat_partner_id_index` (`partner_id`);

--
-- Індекси таблиці `chat_rooms`
--
ALTER TABLE `chat_rooms`
  ADD PRIMARY KEY (`id`),
  ADD UNIQUE KEY `chat_rooms_man_id_lady_id_unique` (`man_id`,`lady_id`),
  ADD KEY `chat_rooms_man_id_index` (`man_id`),
  ADD KEY `chat_rooms_lady_id_index` (`lady_id`),
  ADD KEY `chat_rooms_active_index` (`active`);

--
-- Індекси таблиці `chat_rooms_log`
--
ALTER TABLE `chat_rooms_log`
  ADD PRIMARY KEY (`id`),
  ADD KEY `chat_rooms_log_chat_room_id_index` (`chat_room_id`),
  ADD KEY `chat_rooms_log_paid_complete_index` (`paid_complete`);

--
-- Індекси таблиці `choise_admin_users`
--
ALTER TABLE `choise_admin_users`
  ADD PRIMARY KEY (`id_primary`);

--
-- Індекси таблиці `gifts`
--
ALTER TABLE `gifts`
  ADD PRIMARY KEY (`id`);

--
-- Індекси таблиці `mail`
--
ALTER TABLE `mail`
  ADD PRIMARY KEY (`id`),
  ADD KEY `mail_user_id_index` (`user_id`),
  ADD KEY `mail_partner_id_index` (`partner_id`);

--
-- Індекси таблиці `news`
--
ALTER TABLE `news`
  ADD PRIMARY KEY (`id`);

--
-- Індекси таблиці `sessions`
--
ALTER TABLE `sessions`
  ADD UNIQUE KEY `sessions_id_unique` (`id`);

--
-- Індекси таблиці `users`
--
ALTER TABLE `users`
  ADD PRIMARY KEY (`id`),
  ADD KEY `users_email_index` (`email`),
  ADD KEY `users_sex_index` (`sex`);

--
-- Індекси таблиці `user_favorites`
--
ALTER TABLE `user_favorites`
  ADD PRIMARY KEY (`id`),
  ADD UNIQUE KEY `user_favorites_user_id_fav_id_unique` (`user_id`,`fav_id`),
  ADD KEY `user_favorites_fav_id_foreign` (`fav_id`),
  ADD KEY `user_favorites_user_id_index` (`user_id`);

--
-- Індекси таблиці `user_photos`
--
ALTER TABLE `user_photos`
  ADD PRIMARY KEY (`id`),
  ADD KEY `user_photos_user_id_index` (`user_id`);

--
-- Індекси таблиці `view_news`
--
ALTER TABLE `view_news`
  ADD PRIMARY KEY (`id`);

--
-- AUTO_INCREMENT для збережених таблиць
--

--
-- AUTO_INCREMENT для таблиці `billing`
--
ALTER TABLE `billing`
  MODIFY `id` int(10) unsigned NOT NULL AUTO_INCREMENT,AUTO_INCREMENT=74;
--
-- AUTO_INCREMENT для таблиці `billing_log`
--
ALTER TABLE `billing_log`
  MODIFY `id` bigint(20) unsigned NOT NULL AUTO_INCREMENT,AUTO_INCREMENT=195;
--
-- AUTO_INCREMENT для таблиці `billing_paypal_cache`
--
ALTER TABLE `billing_paypal_cache`
  MODIFY `id` int(10) unsigned NOT NULL AUTO_INCREMENT;
--
-- AUTO_INCREMENT для таблиці `chat`
--
ALTER TABLE `chat`
  MODIFY `id` bigint(20) unsigned NOT NULL AUTO_INCREMENT,AUTO_INCREMENT=2237;
--
-- AUTO_INCREMENT для таблиці `chat_rooms`
--
ALTER TABLE `chat_rooms`
  MODIFY `id` bigint(20) unsigned NOT NULL AUTO_INCREMENT,AUTO_INCREMENT=93;
--
-- AUTO_INCREMENT для таблиці `chat_rooms_log`
--
ALTER TABLE `chat_rooms_log`
  MODIFY `id` bigint(20) unsigned NOT NULL AUTO_INCREMENT,AUTO_INCREMENT=86;
--
-- AUTO_INCREMENT для таблиці `choise_admin_users`
--
ALTER TABLE `choise_admin_users`
  MODIFY `id_primary` int(10) unsigned NOT NULL AUTO_INCREMENT;
--
-- AUTO_INCREMENT для таблиці `gifts`
--
ALTER TABLE `gifts`
  MODIFY `id` int(10) unsigned NOT NULL AUTO_INCREMENT,AUTO_INCREMENT=25;
--
-- AUTO_INCREMENT для таблиці `mail`
--
ALTER TABLE `mail`
  MODIFY `id` int(10) unsigned NOT NULL AUTO_INCREMENT,AUTO_INCREMENT=55;
--
-- AUTO_INCREMENT для таблиці `news`
--
ALTER TABLE `news`
  MODIFY `id` int(10) unsigned NOT NULL AUTO_INCREMENT,AUTO_INCREMENT=11;
--
-- AUTO_INCREMENT для таблиці `users`
--
ALTER TABLE `users`
  MODIFY `id` int(10) unsigned NOT NULL AUTO_INCREMENT,AUTO_INCREMENT=105;
--
-- AUTO_INCREMENT для таблиці `user_favorites`
--
ALTER TABLE `user_favorites`
  MODIFY `id` int(10) unsigned NOT NULL AUTO_INCREMENT,AUTO_INCREMENT=34;
--
-- AUTO_INCREMENT для таблиці `user_photos`
--
ALTER TABLE `user_photos`
  MODIFY `id` int(10) unsigned NOT NULL AUTO_INCREMENT,AUTO_INCREMENT=206;
--
-- AUTO_INCREMENT для таблиці `view_news`
--
ALTER TABLE `view_news`
  MODIFY `id` int(11) NOT NULL AUTO_INCREMENT,AUTO_INCREMENT=10;
--
-- Обмеження зовнішнього ключа збережених таблиць
--

--
-- Обмеження зовнішнього ключа таблиці `billing`
--
ALTER TABLE `billing`
  ADD CONSTRAINT `billing_user_id_foreign` FOREIGN KEY (`user_id`) REFERENCES `users` (`id`) ON DELETE CASCADE;

--
-- Обмеження зовнішнього ключа таблиці `billing_log`
--
ALTER TABLE `billing_log`
  ADD CONSTRAINT `billing_log_billing_id_foreign` FOREIGN KEY (`billing_id`) REFERENCES `billing` (`id`) ON DELETE CASCADE,
  ADD CONSTRAINT `billing_log_partner_id_foreign` FOREIGN KEY (`partner_id`) REFERENCES `users` (`id`) ON DELETE CASCADE;

--
-- Обмеження зовнішнього ключа таблиці `chat_rooms_log`
--
ALTER TABLE `chat_rooms_log`
  ADD CONSTRAINT `chat_rooms_log_chat_room_id_foreign` FOREIGN KEY (`chat_room_id`) REFERENCES `chat_rooms` (`id`) ON DELETE CASCADE;

--
-- Обмеження зовнішнього ключа таблиці `user_favorites`
--
ALTER TABLE `user_favorites`
  ADD CONSTRAINT `user_favorites_fav_id_foreign` FOREIGN KEY (`fav_id`) REFERENCES `users` (`id`) ON DELETE CASCADE,
  ADD CONSTRAINT `user_favorites_user_id_foreign` FOREIGN KEY (`user_id`) REFERENCES `users` (`id`) ON DELETE CASCADE;

--
-- Обмеження зовнішнього ключа таблиці `user_photos`
--
ALTER TABLE `user_photos`
  ADD CONSTRAINT `user_photos_user_id_foreign` FOREIGN KEY (`user_id`) REFERENCES `users` (`id`) ON DELETE CASCADE;

/*!40101 SET CHARACTER_SET_CLIENT=@OLD_CHARACTER_SET_CLIENT */;
/*!40101 SET CHARACTER_SET_RESULTS=@OLD_CHARACTER_SET_RESULTS */;
/*!40101 SET COLLATION_CONNECTION=@OLD_COLLATION_CONNECTION */;
